-- PostgreSQL database dump
\restrict bZxR5oCNv1CVyJ9cooLEbCxeuh8fbQYbmNAxuq89cTuA7KxoFJWDReSsIxV7sd5

-- Dumped from database version 18.1
-- Dumped by pg_dump version 18.1
SET statement_timeout = 0;
SET lock_timeout = 0;
SET idle_in_transaction_session_timeout = 0;
SET transaction_timeout = 0;
SET client_encoding = 'UTF8';
SET standard_conforming_strings = on;
SELECT pg_catalog.set_config('search_path', '', false);
SET check_function_bodies = false;
SET xmloption = content;
SET client_min_messages = warning;
SET row_security = off;
SET default_tablespace = '';
SET default_table_access_method = heap;

-- Name: brand; Type: TABLE; Schema: public;
CREATE TABLE public.brand (
    b_brandid integer NOT NULL,
    b_brandname character varying(100) NOT NULL
);

-- Name: brand_b_brandid_seq; Type: SEQUENCE; Schema: public;
CREATE SEQUENCE public.brand_b_brandid_seq
    AS integer
    START WITH 1
    INCREMENT BY 1
    NO MINVALUE
    NO MAXVALUE
    CACHE 1;

-- Name: brand_b_brandid_seq; Type: SEQUENCE OWNED BY; Schema: public;
ALTER SEQUENCE public.brand_b_brandid_seq OWNED BY public.brand.b_brandid;

-- Name: car; Type: TABLE; Schema: public;
CREATE TABLE public.car (
    c_carid integer NOT NULL,
    c_brandid integer NOT NULL,
    c_model character varying(100) NOT NULL,
    c_year integer NOT NULL,
    c_enginesize numeric(4,1),
    c_horsepower integer,
    c_torque integer,
    c_zerotosixty numeric(4,2),
    c_price numeric(12,2),
    CONSTRAINT car_c_horsepower_check CHECK ((c_horsepower >= 0)),
    CONSTRAINT car_c_price_check CHECK ((c_price >= (0)::numeric)),
    CONSTRAINT car_c_torque_check CHECK ((c_torque >= 0)),
    CONSTRAINT car_c_year_check CHECK ((c_year >= 1886)),
    CONSTRAINT car_c_zerotosixty_check CHECK ((c_zerotosixty >= (0)::numeric))
);

-- Name: car_c_carid_seq; Type: SEQUENCE; Schema: public;
CREATE SEQUENCE public.car_c_carid_seq
    AS integer
    START WITH 1
    INCREMENT BY 1
    NO MINVALUE
    NO MAXVALUE
    CACHE 1;

-- Name: car_c_carid_seq; Type: SEQUENCE OWNED BY; Schema: public;
ALTER SEQUENCE public.car_c_carid_seq OWNED BY public.car.c_carid;

-- Name: car_import; Type: TABLE; Schema: public;
CREATE TABLE public.car_import (
    car_make text,
    car_model text,
    year text,
    engine_size_l text,
    horsepower text,
    torque_lbft text,
    zero_to_sixty text,
    price_usd text
);

-- Name: list; Type: TABLE; Schema: public;
CREATE TABLE public.list (
    l_listid integer NOT NULL,
    l_userid integer NOT NULL,
    l_listname character varying(100) NOT NULL,
    l_createdat timestamp without time zone DEFAULT CURRENT_TIMESTAMP NOT NULL
);

-- Name: list_l_listid_seq; Type: SEQUENCE; Schema: public;
CREATE SEQUENCE public.list_l_listid_seq
    AS integer
    START WITH 1
    INCREMENT BY 1
    NO MINVALUE
    NO MAXVALUE
    CACHE 1;

-- Name: list_l_listid_seq; Type: SEQUENCE OWNED BY; Schema: public;
ALTER SEQUENCE public.list_l_listid_seq OWNED BY public.list.l_listid;

-- Name: listitem; Type: TABLE; Schema: public;
CREATE TABLE public.listitem (
    li_listitemid integer NOT NULL,
    li_listid integer NOT NULL,
    li_carid integer NOT NULL,
    li_addedat timestamp without time zone DEFAULT CURRENT_TIMESTAMP NOT NULL,
    li_notes text,
    li_priority character varying(20),
    CONSTRAINT listitem_li_priority_check CHECK (((li_priority)::text = ANY ((ARRAY['Must-have'::character varying, 'Considering'::character varying, 'Owned'::character varying, 'Saving up'::character varying])::text[])))
);

-- Name: listitem_li_listitemid_seq; Type: SEQUENCE; Schema: public;
CREATE SEQUENCE public.listitem_li_listitemid_seq
    AS integer
    START WITH 1
    INCREMENT BY 1
    NO MINVALUE
    NO MAXVALUE
    CACHE 1;
	
-- Name: listitem_li_listitemid_seq; Type: SEQUENCE OWNED BY; Schema: public;
ALTER SEQUENCE public.listitem_li_listitemid_seq OWNED BY public.listitem.li_listitemid;

-- Name: user; Type: TABLE; Schema: public;
CREATE TABLE public."user" (
    u_userid integer NOT NULL,
    u_name character varying(100) NOT NULL,
    u_email character varying(255) NOT NULL,
    u_password character varying(255) NOT NULL
);

-- Name: user_u_userid_seq; Type: SEQUENCE; Schema: public;
CREATE SEQUENCE public.user_u_userid_seq
    AS integer
    START WITH 1
    INCREMENT BY 1
    NO MINVALUE
    NO MAXVALUE
    CACHE 1;

-- Name: user_u_userid_seq; Type: SEQUENCE OWNED BY; Schema: public;
ALTER SEQUENCE public.user_u_userid_seq OWNED BY public."user".u_userid;

-- Name: brand b_brandid; Type: DEFAULT; Schema: public;
ALTER TABLE ONLY public.brand ALTER COLUMN b_brandid SET DEFAULT nextval('public.brand_b_brandid_seq'::regclass);

-- Name: car c_carid; Type: DEFAULT; Schema: public;
ALTER TABLE ONLY public.car ALTER COLUMN c_carid SET DEFAULT nextval('public.car_c_carid_seq'::regclass);

-- Name: list l_listid; Type: DEFAULT; Schema: public;
ALTER TABLE ONLY public.list ALTER COLUMN l_listid SET DEFAULT nextval('public.list_l_listid_seq'::regclass);

-- Name: listitem li_listitemid; Type: DEFAULT; Schema: public;
ALTER TABLE ONLY public.listitem ALTER COLUMN li_listitemid SET DEFAULT nextval('public.listitem_li_listitemid_seq'::regclass);

-- Name: user u_userid; Type: DEFAULT; Schema: public;
ALTER TABLE ONLY public."user" ALTER COLUMN u_userid SET DEFAULT nextval('public.user_u_userid_seq'::regclass);

-- Data for Name: brand; Type: TABLE DATA; Schema: public;
COPY public.brand (b_brandid, b_brandname) FROM stdin;
1	Acura
2	Alfa Romeo
3	Alpine
4	Ariel
5	Aston Martin
6	Audi
7	Bentley
8	BMW
9	Bugatti
10	Chevrolet
11	Dodge
12	Ferrari
13	Ford
14	Jaguar
15	Kia
16	Koenigsegg
17	Lamborghini
18	Lexus
19	Lotus
20	Maserati
21	Mazda
22	McLaren
23	Mercedes-AMG
24	Mercedes-Benz
25	Nissan
26	Pagani
27	Pininfarina
28	Polestar
29	Porsche
30	Rimac
31	Rolls-Royce
32	Shelby
33	Subaru
34	Tesla
35	Toyota
36	TVR
37	Ultima
38	W Motors
\.

-- Data for Name: car; Type: TABLE DATA; Schema: public;
COPY public.car (c_carid, c_brandid, c_model, c_year, c_enginesize, c_horsepower, c_torque, c_zerotosixty, c_price) FROM stdin;
1	29	911	2022	3.0	379	331	4.00	101200.00
2	17	Huracan	2021	5.2	630	443	2.80	274390.00
3	12	488 GTB	2022	3.9	661	561	3.00	333750.00
4	6	R8	2022	5.2	562	406	3.20	142700.00
5	22	720S	2021	4.0	710	568	2.70	298000.00
6	8	M8	2022	4.4	617	553	3.10	130000.00
7	24	AMG GT	2021	4.0	523	494	3.80	118500.00
8	10	Corvette	2021	6.2	490	465	2.80	59900.00
9	13	Mustang Shelby GT500	2022	5.2	760	625	3.50	81000.00
10	25	GT-R Nismo	2021	3.8	600	481	2.50	212000.00
11	5	DB11	2021	5.2	630	516	3.50	201495.00
12	9	Chiron	2021	8.0	1500	1180	2.40	3000000.00
13	11	Challenger SRT Hellcat	2022	6.2	717	656	3.50	61000.00
14	14	F-Type	2022	3.0	296	295	5.40	70100.00
15	16	Jesko	2021	5.0	1280	1015	2.50	2800000.00
16	18	LC 500	2021	5.0	471	398	4.40	92950.00
17	19	Evora GT	2021	3.5	416	317	3.80	104450.00
18	20	GranTurismo	2021	4.7	454	384	4.80	150000.00
19	29	Boxster	2021	2.0	300	280	4.70	62000.00
20	2	Giulia Quadrifoglio	2022	2.9	505	443	3.80	78000.00
21	4	Atom	2021	2.0	320	243	2.80	75000.00
22	7	Continental GT	2021	6.0	626	664	3.60	225000.00
23	22	Artura	2022	3.0	671	531	3.00	225000.00
24	23	SLS AMG	2021	6.2	622	468	3.50	248000.00
25	26	Huayra	2021	6.0	720	737	2.80	2800000.00
26	28	1	2021	2.0	600	738	4.10	155000.00
27	30	Nevera	2022	\N	1914	1696	1.85	2400000.00
28	29	Cayman GT4	2022	4.0	414	309	3.80	100200.00
29	17	Aventador SVJ	2021	6.5	759	531	2.80	517770.00
30	12	SF90 Stradale	2021	4.0	986	590	2.50	625000.00
31	6	RS7	2022	4.0	591	590	3.50	117000.00
32	22	Artura	2021	3.0	671	531	3.00	225000.00
33	8	M4	2022	3.0	503	479	3.80	72800.00
34	24	SLS AMG	2015	6.2	622	468	3.20	222000.00
35	10	Camaro ZL1	2021	6.2	650	650	3.50	64695.00
36	13	GT	2022	3.5	660	550	3.00	500000.00
37	25	370Z Nismo	2021	3.7	350	276	4.50	45690.00
38	29	Taycan 4S	2022	\N	562	479	3.80	104000.00
39	17	Urus	2021	4.0	641	626	3.50	218000.00
40	12	Roma	2021	3.9	611	561	3.30	222000.00
41	6	RS3	2022	2.5	394	369	3.90	57000.00
42	22	GT	2021	4.0	612	465	3.10	210000.00
43	8	i8	2020	\N	369	420	4.20	148500.00
44	24	CLS63 AMG	2019	4.0	603	627	3.40	132000.00
45	29	Cayman	2021	2.0	300	280	5.10	58900.00
46	17	Aventador SVJ	2021	6.5	759	531	2.80	518000.00
47	12	SF90 Stradale	2021	4.0	986	590	2.50	625000.00
48	6	RS3	2022	2.5	394	369	3.90	56200.00
49	22	570S	2021	3.8	562	443	2.80	192500.00
50	8	M4	2022	3.0	503	479	3.80	71800.00
51	24	AMG C63	2021	4.0	503	516	3.80	68000.00
52	10	Camaro SS	2021	6.2	455	455	4.10	42500.00
53	13	Mustang GT	2022	5.0	460	420	4.30	39000.00
54	25	370Z Nismo	2021	3.7	350	276	4.80	46100.00
55	5	Vantage	2021	4.0	503	505	3.50	142100.00
56	19	Evora GT	2021	3.5	416	317	3.80	105000.00
57	29	Panamera	2021	2.9	325	331	5.10	87200.00
58	17	Urus	2021	4.0	641	627	3.20	218000.00
59	12	Roma	2021	3.9	612	560	3.40	222000.00
60	6	S5	2022	3.0	349	369	4.40	52500.00
61	22	600LT	2021	3.8	592	457	2.80	241000.00
62	8	M5	2022	4.4	600	553	3.20	103500.00
63	5	Vantage	2022	4.0	503	505	3.50	146000.00
64	6	RS5	2021	2.9	444	443	3.60	75400.00
65	8	M2	2022	3.0	405	406	4.00	58900.00
66	10	Camaro SS	2021	6.2	455	455	4.00	42900.00
67	11	Challenger SRT Hellcat Redeye	2022	6.2	797	707	3.40	78595.00
68	13	GT	2021	3.5	660	550	3.00	500000.00
69	14	F-Type	2022	2.0	296	295	5.40	62750.00
70	17	Aventador	2021	6.5	770	531	2.90	417826.00
71	20	GranTurismo	2021	4.7	454	384	4.70	150980.00
72	22	Artura	2022	3.0	671	531	3.00	225000.00
73	24	C63 AMG	2021	4.0	503	516	3.80	70100.00
74	25	370Z	2021	3.7	332	270	5.00	30090.00
75	29	Panamera	2022	2.9	325	331	5.30	88700.00
76	6	TT RS	2021	2.5	394	354	3.60	67600.00
77	8	M4	2022	3.0	473	406	4.10	72800.00
78	10	Corvette Stingray	2021	6.2	490	465	2.80	59900.00
79	12	F8 Tributo	2021	3.9	710	568	2.80	274280.00
80	13	Mustang Mach 1	2021	5.0	480	420	4.30	52915.00
81	17	Urus	2021	4.0	641	627	3.60	218009.00
82	29	718 Cayman	2022	2.0	300	280	4.50	61000.00
83	1	NSX	2022	3.5	573	476	2.90	159495.00
84	5	Vantage	2022	4.0	503	505	3.50	142086.00
85	7	Continental GT	2021	6.0	626	664	3.30	219800.00
86	9	Chiron	2022	8.0	1500	1180	2.40	3000000.00
87	11	Challenger SRT Hellcat Redeye	2022	6.2	797	707	3.40	74290.00
88	14	F-Type	2022	3.0	380	339	4.90	71900.00
89	16	Jesko	2022	5.0	1600	1106	2.50	3000000.00
90	18	LC 500	2022	5.0	471	398	4.40	92950.00
91	19	Evora GT	2021	3.5	416	317	3.80	105000.00
92	20	GranTurismo	2022	4.7	454	384	4.70	134300.00
93	21	MX-5 Miata	2021	2.0	181	151	6.50	26830.00
94	22	GT	2022	4.0	620	465	3.10	213195.00
95	24	SLS AMG	2015	6.2	622	468	3.70	221580.00
96	26	Huayra	2022	6.0	764	738	2.80	2800000.00
97	29	718 Cayman GT4	2022	4.0	414	309	4.20	100550.00
98	30	Nevera	2022	\N	1914	1696	1.95	2400000.00
99	31	Wraith	2021	6.8	624	605	4.40	330000.00
100	34	Roadster	2022	\N	1000	737	1.90	200000.00
101	35	Supra	2022	3.0	382	368	3.90	43090.00
102	38	Fenyr Supersport	2022	3.8	800	723	2.70	1700000.00
103	29	718 Cayman	2022	2.0	300	280	4.70	60500.00
104	17	Aventador	2021	6.5	770	531	2.90	522000.00
105	12	SF90 Stradale	2021	4.0	986	590	2.50	625000.00
106	6	TT RS	2022	2.5	394	354	3.40	67000.00
107	22	GT	2021	4.0	612	465	3.10	212500.00
108	8	M4	2022	3.0	503	479	3.80	75000.00
109	24	SL 63 AMG	2021	4.0	603	664	3.50	155000.00
110	10	Camaro ZL1	2021	6.2	650	650	3.50	64000.00
111	13	GT	2022	3.5	660	550	2.80	500000.00
112	25	370Z	2021	3.7	332	270	4.70	31015.00
113	5	DBS Superleggera	2021	5.2	715	664	3.40	304995.00
114	9	Chiron	2021	8.0	1500	1180	2.40	3000000.00
115	19	Evora GT	2021	3.5	416	317	3.80	105000.00
116	22	570S	2021	3.8	562	443	3.20	192500.00
117	29	Panamera Turbo S E-Hybrid	2021	4.0	690	642	3.20	190000.00
118	17	Urus	2021	4.0	641	627	3.60	222000.00
119	12	Roma	2021	3.9	611	561	3.30	222000.00
120	6	RS7	2021	4.0	591	590	3.50	115000.00
121	8	M2	2022	3.0	405	406	4.20	59000.00
122	29	Cayman GT4	2022	4.0	414	309	4.20	102100.00
123	17	Aventador	2021	6.5	730	509	2.90	417826.00
124	5	DBS Superleggera	2021	5.2	715	664	3.20	304995.00
125	7	Continental GT	2021	6.0	626	664	3.60	220300.00
126	6	RS7	2022	4.0	591	590	3.50	114000.00
127	24	SLS AMG	2021	6.2	622	468	3.70	239100.00
128	22	570S	2021	3.8	562	443	3.10	192500.00
129	8	M2	2022	3.0	405	406	4.00	58900.00
130	10	Camaro ZL1	2021	6.2	650	650	3.50	62500.00
131	11	Challenger SRT Hellcat	2021	6.2	717	656	3.50	65290.00
132	12	Portofino	2021	3.9	592	560	3.50	219750.00
133	29	Panamera Turbo S	2022	4.0	620	604	2.90	187700.00
134	17	Urus	2021	4.0	641	627	3.60	222004.00
135	24	AMG C63	2021	4.0	469	479	3.80	71350.00
136	5	Vantage	2021	4.0	503	505	3.60	146000.00
137	6	S5	2022	3.0	349	369	4.40	52500.00
138	29	Cayman	2022	2.5	365	309	4.50	68900.00
139	17	Aventador	2021	6.5	730	507	2.80	517770.00
140	12	F8 Tributo	2022	3.9	710	568	2.90	276550.00
141	6	TT RS	2021	2.5	394	354	3.60	67600.00
142	22	570S	2021	3.8	562	443	3.10	192500.00
143	8	Z4 M40i	2022	3.0	382	369	3.90	63700.00
144	24	SLS AMG	2015	6.2	622	468	3.70	221580.00
145	10	Camaro SS	2022	6.2	455	455	4.10	44000.00
146	13	Mustang Mach 1	2021	5.0	480	420	4.00	51720.00
147	25	370Z Nismo	2021	3.7	350	276	4.90	45790.00
148	29	Panamera	2022	2.9	325	331	5.40	88550.00
149	17	Urus	2021	4.0	641	627	3.50	218009.00
150	12	Roma	2021	3.9	612	561	3.30	222620.00
151	6	RS 3	2022	2.5	401	369	3.60	56200.00
152	22	GT	2021	4.0	612	465	3.20	200000.00
153	8	M2 CS	2022	3.0	444	406	3.80	84595.00
154	24	AMG C63	2021	4.0	503	516	3.80	77500.00
155	10	Camaro ZL1	2021	6.2	650	650	3.50	62500.00
156	1	NSX	2021	3.5	573	476	2.70	157500.00
157	5	DB11	2022	4.0	503	513	3.70	204100.00
158	7	Continental GT	2021	6.0	626	664	3.40	220300.00
159	9	Chiron	2021	8.0	1500	1180	2.40	3000000.00
160	11	Viper	2017	8.4	645	600	3.30	120000.00
161	14	F-Type	2022	3.0	380	339	4.90	69900.00
162	16	Jesko	2022	5.0	1600	1106	2.50	3000000.00
163	18	LC 500	2022	5.0	471	398	4.40	92950.00
164	19	Evora GT	2021	3.5	416	317	3.80	105950.00
165	20	GranTurismo	2020	4.7	454	384	4.80	150000.00
166	22	570S	2020	3.8	562	443	3.10	204550.00
167	26	Huayra	2020	6.0	720	738	3.00	2700000.00
168	29	Cayman GT4	2022	4.0	414	309	4.20	102900.00
169	30	C_Two	2022	\N	1914	1696	1.90	2400000.00
170	31	Wraith	2021	6.6	624	605	4.30	330000.00
171	32	Cobra	1965	7.0	435	440	4.20	1000000.00
172	34	Model S Plaid	2021	\N	1020	1050	1.98	131190.00
173	35	GR Supra	2022	3.0	382	368	3.90	43090.00
174	36	Griffith	2022	5.0	500	479	3.80	123500.00
175	38	Lykan Hypersport	2015	3.7	780	708	2.80	3400000.00
176	29	718 Cayman	2021	2.0	300	280	4.50	61500.00
177	17	Aventador SVJ	2021	6.5	770	531	2.80	518000.00
178	12	SF90 Stradale	2022	4.0	986	590	2.50	507000.00
179	6	RS 6	2021	4.0	591	590	3.50	109000.00
180	22	GT	2021	4.0	612	465	3.10	210000.00
181	8	M2 CS	2022	3.0	444	406	3.80	84595.00
182	24	SLS AMG	2015	6.2	622	468	3.60	228000.00
183	10	Camaro SS	2021	6.2	455	455	4.00	42000.00
184	13	GT	2022	3.5	660	550	2.80	500000.00
185	25	370Z Nismo	2021	3.7	350	276	5.00	45000.00
186	29	Taycan	2021	\N	750	774	2.60	185000.00
187	17	Urus	2021	4.0	641	627	3.60	222004.00
188	12	F8 Tributo	2021	3.9	710	568	2.90	276550.00
189	6	RS 3	2022	2.5	401	354	3.50	56000.00
190	22	570S	2021	3.8	562	443	3.10	191000.00
191	8	M5	2022	4.4	600	553	3.20	104000.00
192	24	AMG C 63	2021	4.0	469	479	3.90	69900.00
193	10	Camaro ZL1	2021	6.2	650	650	3.50	64000.00
194	29	Taycan	2022	2.0	402	254	5.10	81250.00
195	17	Aventador	2021	6.5	730	509	2.90	517700.00
196	5	DBS Superleggera	2022	5.2	715	663	3.40	330000.00
197	6	RS 6 Avant	2021	4.0	591	590	3.50	109000.00
198	22	600LT	2021	3.8	592	457	2.80	242500.00
199	23	C 63 S Coupe	2022	4.0	503	516	3.70	77000.00
200	8	M4	2022	3.0	473	406	4.10	72800.00
201	10	Camaro ZL1	2021	6.2	650	650	3.50	62000.00
202	11	Challenger SRT Hellcat Redeye	2022	6.2	797	707	3.50	76000.00
203	13	GT	2022	3.5	660	550	2.90	500000.00
204	25	370Z	2021	3.7	332	270	4.90	30090.00
205	29	Panamera	2022	2.9	325	332	5.30	87200.00
206	17	Urus	2021	4.0	641	626	3.50	218000.00
207	9	Chiron	2021	8.0	1500	1180	2.30	3000000.00
208	12	F8 Tributo	2021	3.9	710	568	2.90	274280.00
209	6	RS 7	2021	4.0	591	590	3.50	114000.00
210	22	570S	2021	3.8	562	443	3.10	191000.00
211	5	Vantage	2022	4.0	503	505	3.50	142086.00
212	14	F-Type	2022	5.0	575	516	3.50	103200.00
213	29	Panamera Turbo S	2021	4.0	620	604	2.90	177700.00
214	17	Aventador S	2021	6.5	729	509	2.90	417650.00
215	12	SF90 Stradale	2021	4.0	986	590	2.50	625000.00
216	6	RS7	2022	4.0	591	590	3.50	115045.00
217	22	600LT	2021	3.8	592	457	2.90	256500.00
218	8	M2 Competition	2022	3.0	405	406	4.00	59895.00
219	24	S63 AMG	2021	4.0	603	664	3.40	152500.00
220	10	Camaro ZL1	2021	6.2	650	650	3.50	64695.00
221	11	Challenger SRT Hellcat	2022	6.2	717	656	3.50	69995.00
222	13	GT	2022	3.5	660	550	2.90	500000.00
223	29	Taycan Turbo S	2021	\N	750	774	2.60	185000.00
224	17	Urus	2021	4.0	641	627	3.20	218009.00
225	12	812 Superfast	2021	6.5	789	530	2.90	363730.00
226	6	R8 Spyder	2022	5.2	562	406	3.50	183300.00
227	22	GT	2021	4.0	612	465	3.10	210000.00
228	8	M4	2022	3.0	473	406	4.10	73795.00
229	24	AMG GT R	2021	4.0	577	516	3.50	183000.00
230	10	Corvette Stingray	2021	6.2	495	470	2.90	60995.00
231	5	DB11	2022	5.2	630	516	3.50	207000.00
232	7	Continental GT	2022	6.0	626	664	3.50	203825.00
233	14	F-Type R	2021	5.0	575	516	3.50	103200.00
234	1	NSX	2022	3.5	573	476	2.70	157500.00
235	19	Evora GT	2021	3.5	416	317	3.70	99800.00
236	29	Cayman GT4	2021	4.0	414	309	4.20	100200.00
237	2	4C	2020	1.7	237	258	4.10	67150.00
238	6	RS5	2022	2.9	444	443	3.70	77250.00
239	8	M2 Competition	2021	3.0	405	406	4.00	58900.00
240	10	Camaro ZL1	2021	6.2	650	650	3.50	64695.00
241	11	Charger SRT Hellcat	2022	6.2	717	650	3.60	71490.00
242	13	GT	2022	3.5	660	550	2.80	500000.00
243	18	LC 500	2022	5.0	471	398	4.40	92950.00
244	20	GranTurismo	2020	4.7	454	384	4.80	150400.00
245	25	370Z Nismo	2021	3.7	350	276	4.60	47820.00
246	31	Wraith	2022	6.8	624	605	4.40	330000.00
247	33	WRX STI	2021	2.5	310	290	4.60	38170.00
248	34	Model S Plaid	2022	\N	1020	1050	1.90	131190.00
249	29	Cayman GT4	2021	4.0	414	309	4.20	102000.00
250	17	Aventador	2021	6.5	729	507	2.90	393695.00
251	12	Portofino	2022	3.9	591	413	3.30	218750.00
252	6	RS7	2021	4.0	591	590	3.50	114000.00
253	22	600LT	2021	3.8	592	457	2.80	256500.00
254	8	M2	2022	3.0	405	406	4.00	58900.00
255	24	AMG GT	2021	4.0	523	494	3.80	118500.00
256	10	Camaro SS	2021	6.2	455	455	4.10	40590.00
257	13	Mustang Mach 1	2021	5.0	480	420	4.00	52720.00
258	25	370Z Nismo	2021	3.7	350	276	4.60	45000.00
259	29	Panamera Turbo	2022	4.0	620	604	3.10	174300.00
260	17	Urus	2021	4.0	641	627	3.20	222004.00
261	12	SF90 Stradale	2022	4.0	986	590	2.50	625000.00
262	6	TT RS	2022	2.5	394	354	3.40	67895.00
263	22	GT	2021	4.0	612	465	3.10	210000.00
264	11	Challenger SRT Hellcat	2021	6.2	717	656	3.50	62290.00
265	5	DBS Superleggera	2021	5.2	715	663	3.20	304995.00
266	14	F-Type R	2021	5.0	575	516	3.50	103200.00
267	18	LC 500	2022	5.0	471	398	4.40	93050.00
268	29	Cayman GT4	2022	4.0	414	309	4.20	101200.00
269	8	M2 Competition	2022	3.0	405	406	4.00	59895.00
270	6	RS 5 Coupe	2021	2.9	444	443	3.70	75100.00
271	10	Camaro ZL1	2021	6.2	650	650	3.50	64195.00
272	19	Evora GT	2022	3.5	416	317	3.80	105000.00
273	22	GT	2021	4.0	612	465	3.10	211000.00
274	24	SLS AMG Black Series	2014	6.2	622	468	3.50	275000.00
275	9	Chiron	2021	8.0	1500	1180	2.40	2998000.00
276	16	Jesko	2021	5.0	1280	1015	2.50	3000000.00
277	12	SF90 Stradale	2021	4.0	986	590	2.50	625000.00
278	17	Aventador SVJ	2020	6.5	770	531	2.80	573966.00
279	30	C_Two	2022	\N	1914	1732	1.85	2400000.00
280	26	Huayra Roadster BC	2021	6.0	791	774	2.50	3500000.00
281	27	Battista	2022	\N	1874	1696	1.90	2500000.00
282	1	NSX	2022	3.5	573	476	2.90	157500.00
283	5	Vantage	2021	4.0	503	505	3.50	146000.00
284	7	Continental GT	2022	4.0	542	568	3.90	219800.00
285	11	Challenger SRT Hellcat	2022	6.2	717	656	3.50	70000.00
286	14	F-Type	2022	2.0	296	295	5.40	61600.00
287	15	Stinger	2022	3.3	368	376	4.70	52200.00
288	19	Evora GT	2021	3.5	416	317	3.80	100450.00
289	20	GranTurismo	2021	4.7	454	384	4.80	134300.00
290	29	718 Cayman GT4	2022	4.0	414	309	4.20	102550.00
291	2	Giulia Quadrifoglio	2021	2.9	505	443	3.80	76400.00
292	6	RS7	2021	4.0	591	590	3.50	114000.00
293	8	M5	2022	4.4	600	553	3.20	103500.00
294	10	Camaro ZL1	2022	6.2	650	650	3.50	69000.00
295	13	GT	2022	3.5	660	550	3.00	500000.00
296	17	Aventador	2021	6.5	770	531	2.80	417826.00
297	22	Artura	2021	3.0	671	531	3.00	225000.00
298	24	SLS AMG	2021	4.0	577	516	3.60	247500.00
299	25	370Z Nismo	2021	3.7	350	276	4.80	45790.00
300	29	Taycan	2022	\N	616	774	2.60	79900.00
301	34	Model S	2022	\N	1020	1050	1.98	119000.00
302	5	DBS Superleggera	2022	5.2	715	664	3.20	307820.00
303	7	Continental GT	2022	4.0	542	568	3.40	207825.00
304	9	Chiron	2021	8.0	1479	1180	2.30	2998000.00
305	22	570S	2021	3.8	562	443	3.10	202500.00
306	29	Taycan Turbo S	2021	\N	750	774	2.60	185000.00
307	17	Aventador S	2021	6.5	730	509	2.90	417826.00
308	12	F8 Tributo	2022	3.9	710	568	2.80	276550.00
309	6	RS 7	2022	4.0	591	590	3.50	114000.00
310	8	M2 CS	2022	3.0	444	406	4.00	84595.00
311	24	SLS AMG	2021	6.2	622	468	3.20	275000.00
312	10	Camaro ZL1	2021	6.2	650	650	3.50	63000.00
313	13	GT	2022	3.5	660	550	3.00	500000.00
314	14	F-Type	2021	5.0	575	516	3.50	103200.00
315	19	Evora GT	2021	3.5	416	317	3.80	96950.00
316	20	GranTurismo	2022	4.7	454	384	4.80	134300.00
317	22	765LT	2021	4.0	755	590	2.80	358000.00
318	25	370Z	2021	3.7	332	270	5.00	30000.00
319	26	Huayra	2021	6.0	730	738	3.00	2600000.00
320	29	Panamera Turbo S	2021	4.0	620	604	2.90	180000.00
321	34	Model S Plaid	2021	\N	1020	1050	1.90	131100.00
322	5	DB11	2021	4.0	503	513	4.00	201495.00
323	11	Challenger Hellcat Redeye	2022	6.2	797	707	3.40	82190.00
324	19	Evora	2021	3.5	416	317	3.80	96950.00
325	1	NSX	2021	3.5	573	476	2.70	159495.00
326	2	Giulia Quadrifoglio	2021	2.9	505	443	3.80	76950.00
327	7	Continental GT	2021	6.0	626	664	3.30	202500.00
328	14	F-Type	2022	3.0	380	339	4.90	70100.00
329	16	Jesko	2022	5.0	1280	1015	2.50	3000000.00
330	18	LC 500	2021	5.0	471	398	4.40	92950.00
331	20	GranTurismo	2022	4.7	454	384	4.80	132795.00
332	22	GT	2022	4.0	612	465	3.10	215500.00
333	23	C 63 S Coupe	2022	4.0	503	516	3.70	80900.00
334	29	718 Cayman	2021	2.0	300	280	4.90	59900.00
335	31	Wraith	2021	6.8	624	605	4.30	330000.00
336	34	Roadster	2022	\N	1000	\N	1.90	200000.00
337	10	Camaro SS	2021	6.2	455	455	4.00	40000.00
338	13	GT	2022	3.5	660	550	3.00	500000.00
339	1	NSX	2022	3.5	573	476	2.70	157500.00
340	5	DB11	2021	5.2	630	516	3.70	209000.00
341	7	Continental GT	2022	4.0	542	568	3.90	202500.00
342	9	Chiron	2021	8.0	1500	1180	2.40	3000000.00
343	11	Challenger Hellcat	2022	6.2	717	656	3.50	67500.00
344	14	F-Type	2021	5.0	575	516	3.50	103200.00
345	16	Jesko	2022	5.0	1280	1106	2.50	2800000.00
346	18	LC	2021	5.0	471	398	4.40	92950.00
347	19	Evora GT	2021	3.5	416	317	3.80	104200.00
348	20	GranTurismo	2021	4.7	454	384	4.70	133050.00
349	22	570S	2021	3.8	562	443	3.10	196350.00
350	24	AMG C63	2022	4.0	503	516	3.80	69900.00
351	26	Huayra BC	2021	6.0	791	774	2.70	2600000.00
352	29	Cayman GT4	2022	4.0	414	309	4.20	102900.00
353	30	Nevera	2022	\N	1914	1696	1.85	2400000.00
354	31	Wraith	2021	6.7	624	605	4.40	338000.00
355	34	Roadster	2022	\N	1000	10000	1.90	200000.00
356	1	NSX	2022	3.5	573	476	2.70	157500.00
357	5	Vantage	2021	4.0	503	505	3.50	150000.00
358	7	Continental GT	2021	6.0	626	664	3.60	218400.00
359	11	Challenger SRT Hellcat Redeye	2021	6.2	797	707	3.50	73000.00
360	14	F-Type R	2022	5.0	575	516	3.50	103200.00
361	18	LC 500	2021	5.0	471	398	4.40	92950.00
362	19	Evora GT	2021	3.5	416	317	3.80	104970.00
363	20	GranTurismo	2021	4.7	454	384	4.80	132400.00
364	29	Cayman GT4	2021	4.0	414	309	4.20	101200.00
365	34	Roadster	2023	\N	1000	737	1.90	200000.00
366	3	A110	2021	1.8	288	236	4.40	71500.00
367	6	RS7	2021	4.0	591	590	3.50	114000.00
368	8	M4	2021	3.0	473	406	4.10	71800.00
369	10	Camaro ZL1	2021	6.2	650	650	3.50	64195.00
370	11	Viper	2017	8.4	645	600	3.30	118795.00
371	12	Portofino	2021	3.9	591	560	3.50	218750.00
372	14	F-Type	2022	3.0	296	295	5.40	61600.00
373	17	Aventador SVJ	2021	6.5	770	531	2.80	517700.00
374	22	600LT	2021	3.8	592	457	2.80	240000.00
375	5	DB11	2021	5.2	630	516	3.50	221400.00
376	7	Continental GT	2021	6.0	626	664	3.60	202500.00
377	9	Chiron	2022	8.0	1500	1180	2.40	3000000.00
378	11	Challenger SRT Hellcat	2021	6.2	717	656	3.50	64100.00
379	14	F-Type R	2022	5.0	575	516	3.50	103200.00
380	16	Jesko	2022	5.0	1280	1015	2.50	2800000.00
381	18	LC 500	2021	5.0	471	398	4.40	92950.00
382	19	Evora GT	2021	3.5	416	317	3.80	100450.00
383	20	GranTurismo	2021	4.7	454	384	4.80	150980.00
384	22	Artura	2022	3.0	671	531	3.00	225000.00
385	23	C 63 S	2022	4.0	503	516	3.70	81550.00
386	26	Huayra	2021	6.0	764	738	2.80	3500000.00
387	29	Cayman GT4	2021	4.0	414	309	4.20	102550.00
388	30	C_Two	2022	\N	1888	1696	1.80	2400000.00
389	31	Wraith	2021	6.6	624	642	4.40	330000.00
390	34	Roadster	2022	\N	10000	0	1.90	200000.00
391	35	Supra	2022	3.0	382	368	3.90	43090.00
392	1	NSX	2021	3.5	573	476	2.70	157500.00
393	5	Vantage	2021	4.0	503	505	3.50	146000.00
394	7	Continental GT	2022	4.0	542	568	3.90	207825.00
395	11	Challenger SRT Hellcat	2021	6.2	717	656	3.50	64195.00
396	14	F-Type	2022	3.0	380	339	4.80	62250.00
397	18	LC 500	2022	5.0	471	398	4.40	92000.00
398	19	Evora GT	2021	3.5	416	317	3.80	105000.00
399	20	GranTurismo	2022	4.7	454	384	4.70	134300.00
400	22	570S	2022	3.8	562	443	2.90	204550.00
401	29	Cayman GT4	2021	4.0	414	309	4.20	102000.00
402	34	Model S Plaid	2021	\N	1020	1050	1.90	141190.00
403	6	RS 5	2021	2.9	444	443	3.50	75100.00
404	8	M2 Competition	2022	3.0	405	406	4.00	59895.00
405	10	Camaro ZL1	2021	6.2	650	650	3.50	64995.00
406	11	Viper ACR	2017	8.4	645	600	3.30	126190.00
407	13	GT	2021	3.5	660	550	2.90	500000.00
408	29	Taycan 4S	2022	2.5	482	472	3.80	102900.00
409	17	Aventador S	2021	6.5	730	509	2.90	417650.00
410	5	DB11	2021	5.2	630	516	3.50	205000.00
411	2	Giulia Quadrifoglio	2022	2.9	505	443	3.80	81250.00
412	6	RS7 Sportback	2022	4.0	591	590	3.50	115045.00
413	8	M4 Competition	2021	3.0	503	479	3.90	75695.00
414	10	Camaro SS	2022	6.2	455	455	4.10	42000.00
415	11	Charger Hellcat	2021	6.2	717	650	3.60	71490.00
416	12	F8 Tributo	2021	3.9	710	568	2.90	274280.00
417	13	GT	2021	3.5	660	550	2.80	500000.00
418	14	F-Type R	2021	5.0	575	516	3.50	103200.00
419	16	Jesko Absolut	2022	5.0	1600	1106	2.10	2800000.00
420	18	LC 500	2021	5.0	471	398	4.40	93050.00
421	19	Evija	2022	\N	1973	1254	2.50	2750000.00
422	22	GT	2022	4.0	612	465	3.20	210000.00
423	24	AMG GT Black Series	2021	4.0	720	590	3.20	326050.00
424	29	Cayman GT4	2021	4.0	414	309	4.20	102500.00
425	17	Aventador	2021	6.5	770	531	2.80	417650.00
426	12	Portofino	2021	3.9	591	560	3.30	218750.00
427	6	TT RS	2022	2.5	394	354	3.60	69000.00
428	22	600LT Spider	2021	3.8	592	457	2.80	256500.00
429	8	M4	2022	3.0	473	406	4.10	72800.00
430	24	AMG C 63	2022	4.0	503	516	3.80	70000.00
431	10	Camaro SS 1LE	2021	6.2	455	455	4.00	44500.00
432	13	Mustang Mach 1	2021	5.0	480	420	4.00	51000.00
433	25	370Z Nismo	2021	3.7	350	276	5.20	45000.00
434	5	Vantage	2021	4.0	503	505	3.50	146000.00
435	9	Chiron	2022	8.0	1500	1180	2.40	3000000.00
436	16	Jesko	2021	5.0	1262	1106	2.50	3000000.00
437	26	Huayra	2021	6.0	764	738	2.60	2600000.00
438	22	Speedtail	2021	4.0	1035	848	2.50	2300000.00
439	17	Sián	2021	6.5	819	531	2.80	3600000.00
440	30	C_Two	2021	\N	1914	1732	1.80	2400000.00
441	29	Cayman	2022	2.0	300	280	4.90	59900.00
442	17	Aventador	2021	6.5	770	531	2.80	393695.00
443	12	Portofino	2021	3.9	591	413	3.50	215000.00
444	6	RS 5	2022	2.9	444	443	3.70	75100.00
445	22	GT	2021	4.0	620	465	3.10	210000.00
446	8	Z4 M40i	2022	3.0	382	369	4.30	63700.00
447	24	SLC 43	2020	3.0	385	384	4.60	62000.00
448	10	Camaro SS	2022	6.2	455	455	4.30	42500.00
449	13	Mustang GT	2022	5.0	460	420	4.30	36120.00
450	25	370Z Nismo	2020	3.7	350	276	4.60	45790.00
451	5	Vantage	2022	4.0	503	505	3.60	146000.00
452	7	Continental GT	2021	4.0	626	664	3.30	220000.00
453	29	718 Boxster	2022	2.0	300	280	4.90	62000.00
454	17	Urus	2021	4.0	641	627	3.60	222004.00
455	12	F8 Spider	2021	3.9	710	568	2.90	280000.00
456	6	TT RS	2022	2.5	394	354	3.60	69900.00
457	22	570S	2021	3.8	562	443	2.90	208800.00
458	8	M4	2022	3.0	473	406	4.00	72800.00
459	29	718 Cayman	2022	2.0	300	280	4.90	60500.00
460	17	Aventador	2021	6.5	730	509	2.90	393695.00
461	12	SF90 Stradale	2022	4.0	986	590	2.50	625000.00
462	6	RS5	2022	2.9	444	443	3.70	75100.00
463	22	GT	2021	4.0	612	465	3.20	208800.00
464	8	M2	2022	3.0	405	406	4.00	58900.00
465	24	SLS AMG	2015	6.2	622	468	3.60	229000.00
466	10	Camaro ZL1	2021	6.2	650	650	3.50	62000.00
467	13	GT	2022	3.5	660	550	3.00	500000.00
468	25	370Z Nismo	2020	3.7	350	276	5.20	46200.00
469	11	Challenger SRT Hellcat	2021	6.2	717	656	3.60	71000.00
470	5	DBS Superleggera	2021	5.2	715	663	3.20	308000.00
471	2	Giulia Quadrifoglio	2022	2.9	505	443	3.80	80500.00
472	14	F-Type R	2021	5.0	575	516	3.50	105900.00
473	19	Evora GT	2020	3.5	416	317	3.80	96950.00
474	20	GranTurismo	2019	4.7	454	384	4.70	150980.00
475	29	Panamera Turbo S	2022	4.0	630	604	2.90	180800.00
476	17	Urus	2021	4.0	641	627	3.20	218000.00
477	5	Vantage	2021	4.0	503	505	3.50	146000.00
478	19	Evora	2021	3.5	416	317	3.80	94000.00
479	2	4C Spider	2020	1.7	237	258	4.10	67150.00
480	14	F-Type	2022	3.0	380	339	4.90	70900.00
481	20	GranTurismo	2021	4.7	454	384	4.70	134300.00
482	29	Cayman GT4	2021	4.0	414	309	4.20	100200.00
483	6	RS5 Coupe	2022	2.9	444	443	3.70	76450.00
484	8	M2 Competition	2021	3.0	405	406	4.00	58900.00
485	10	Camaro ZL1	2022	6.2	650	650	3.50	64000.00
486	11	Challenger SRT Hellcat	2022	6.2	717	656	3.50	61500.00
487	13	GT	2021	3.5	647	550	2.80	500000.00
488	18	LC 500	2022	5.0	471	398	4.40	92950.00
489	22	570S	2022	3.8	562	443	3.10	198950.00
490	23	C63 S Coupe	2021	4.0	503	516	3.70	77950.00
491	25	370Z Nismo	2021	3.7	350	276	4.90	45790.00
492	29	718 Boxster	2021	2.0	300	280	4.90	62000.00
493	17	Aventador S	2021	6.5	729	507	2.90	417826.00
494	12	F8 Tributo	2021	3.9	710	568	2.90	274280.00
495	6	TT RS Coupe	2021	2.5	394	354	3.60	67600.00
496	8	M4 Coupe	2021	3.0	473	406	3.80	71800.00
497	1	NSX	2021	3.5	573	476	2.70	159495.00
498	5	DBS Superleggera	2022	5.2	715	664	3.40	314500.00
499	7	Continental GT	2022	6.0	626	664	3.30	214425.00
500	9	Chiron	2022	8.0	1500	1180	2.30	3000000.00
501	11	Challenger SRT Hellcat	2022	6.2	717	656	3.50	71490.00
502	14	F-Type	2021	5.0	575	516	3.50	105900.00
503	16	Jesko	2021	5.0	1280	1106	2.50	2800000.00
504	18	LC 500	2021	5.0	471	398	4.40	92950.00
505	19	Evora GT	2021	3.5	416	317	3.80	104400.00
506	20	GranTurismo	2022	4.7	454	384	4.70	150980.00
507	22	Artura	2022	3.0	671	531	3.00	225000.00
508	26	Huayra	2021	6.0	764	738	2.60	2600000.00
509	29	Cayman GT4	2022	4.0	414	309	4.20	102000.00
510	30	C_Two	2021	\N	1914	1696	1.90	2400000.00
511	31	Wraith	2021	6.8	624	605	4.40	335550.00
512	34	Model S Plaid	2021	\N	1020	1050	1.90	141990.00
513	35	GR Supra	2022	3.0	382	368	3.90	43090.00
514	36	Griffith	2021	5.0	500	420	3.90	157500.00
515	37	RS	2021	6.2	1200	1300	2.30	220000.00
516	38	Fenyr SuperSport	2022	3.8	800	723	2.70	1550000.00
517	1	NSX	2021	3.5	573	476	2.90	157500.00
518	5	DBS Superleggera	2022	5.2	715	663	3.20	308000.00
519	7	Continental GT	2021	6.0	626	664	3.60	202500.00
520	9	Chiron	2021	8.0	1500	1180	2.30	3000000.00
521	11	Challenger SRT Hellcat	2021	6.2	717	656	3.50	65000.00
522	14	F-Type	2021	3.0	380	339	4.90	63100.00
523	18	LC 500	2021	5.0	471	398	4.40	92950.00
524	19	Evija	2022	\N	1973	1254	2.50	2600000.00
525	20	GranTurismo	2021	4.7	454	384	4.80	134300.00
526	29	Taycan	2021	\N	616	774	2.60	185000.00
527	30	C_Two	2022	\N	1914	1696	1.90	2400000.00
528	34	Model S Plaid	2022	\N	1020	1050	1.98	140000.00
529	22	Artura	2022	3.0	671	531	3.00	225000.00
530	24	AMG GT Black Series	2021	4.0	720	590	3.10	325000.00
531	10	Camaro ZL1	2021	6.2	650	650	3.50	63000.00
532	13	GT	2021	3.5	647	550	3.00	500000.00
533	5	DBS Superleggera	2021	5.2	715	664	3.40	307820.00
534	14	F-Type	2022	5.0	575	516	3.50	103200.00
535	11	Challenger SRT Hellcat Redeye	2021	6.2	797	707	3.50	80190.00
536	19	Evora GT	2022	3.5	416	317	3.80	105000.00
537	2	4C Spider	2020	1.8	237	258	4.10	68745.00
538	33	WRX STI	2022	2.5	310	290	5.20	38170.00
539	1	NSX	2022	3.5	573	476	2.70	157500.00
540	16	Jesko	2021	5.0	1280	1015	2.50	2800000.00
541	34	Model S Plaid	2022	\N	1020	1050	1.98	139990.00
542	9	Chiron Super Sport 300+	2022	8.0	1578	1180	2.30	5200000.00
543	22	Senna	2020	4.0	789	590	2.70	1500000.00
544	29	Taycan Turbo S	2022	\N	750	774	2.60	185000.00
545	24	SLS AMG Black Series	2014	6.2	622	468	3.50	275000.00
546	18	LC 500	2022	5.0	471	398	4.40	93050.00
547	10	Camaro ZL1	2022	6.2	650	650	3.50	65000.00
548	6	RS 7 Sportback	2022	4.0	591	590	3.50	114000.00
549	13	GT	2022	3.5	660	550	3.00	500000.00
550	8	M2 CS	2022	3.0	444	406	3.80	84595.00
551	29	Cayman GT4	2022	4.0	414	309	4.20	102550.00
552	17	Aventador	2022	6.5	770	531	2.80	393695.00
553	5	Vantage	2021	4.0	503	505	3.60	146000.00
554	19	Evora GT	2021	3.5	416	317	3.80	96950.00
555	29	Panamera Turbo S	2021	4.0	620	604	2.90	180000.00
556	17	Aventador S	2022	6.5	729	507	2.90	460247.00
557	12	SF90 Stradale	2021	4.0	986	590	2.50	625000.00
558	6	RS 6 Avant	2022	4.0	591	590	3.10	110045.00
559	22	570S	2021	3.8	562	443	3.10	192500.00
560	8	M5	2022	4.4	600	553	3.20	103500.00
561	24	AMG C 63 S	2021	4.0	503	516	3.70	77400.00
562	10	Camaro ZL1	2021	6.2	650	650	3.50	64695.00
563	11	Challenger SRT Hellcat	2021	6.2	717	656	3.50	64195.00
564	13	GT	2021	3.5	660	550	3.00	500000.00
565	25	370Z Nismo	2020	3.7	350	276	5.00	46815.00
566	29	Cayman GT4	2021	4.0	414	309	4.20	102550.00
567	6	TT RS	2021	2.5	394	354	3.60	67895.00
568	10	Corvette Z06	2023	5.5	625	650	2.60	85000.00
569	17	Urus	2022	4.0	641	626	3.20	218009.00
570	24	AMG GT 63 S	2021	4.0	630	664	3.10	162900.00
571	12	Portofino M	2022	3.9	612	560	3.50	245000.00
572	9	Chiron	2021	8.0	1479	1180	2.50	3000000.00
573	5	DBS Superleggera	2021	5.2	715	664	3.40	304995.00
574	19	Evora GT	2021	3.5	416	317	3.80	100450.00
575	29	Cayman GT4	2022	4.0	414	309	4.20	100200.00
576	1	NSX	2021	3.5	573	476	2.70	157500.00
577	18	LC	2021	5.0	471	398	4.40	92950.00
578	2	Giulia Quadrifoglio	2021	2.9	505	443	3.80	74750.00
579	6	RS7	2021	4.0	591	590	3.50	114000.00
580	7	Continental GT	2021	6.0	626	664	3.30	218400.00
581	8	M5	2021	4.4	600	553	3.20	103500.00
582	10	Camaro ZL1	2021	6.2	650	650	3.50	64695.00
583	11	Challenger Hellcat	2021	6.2	717	656	3.50	70595.00
584	13	GT	2022	3.5	647	550	3.00	500000.00
585	14	F-Type R	2021	5.0	575	516	3.50	103200.00
586	17	Aventador	2021	6.5	730	509	2.90	393695.00
587	22	570S	2021	3.8	562	443	3.10	203500.00
588	24	SLS AMG	2015	6.2	583	479	3.60	221580.00
589	25	370Z Nismo	2020	3.7	350	276	4.70	47190.00
590	29	Boxster	2021	2.0	300	280	4.90	62000.00
591	29	718 Cayman	2022	2.0	300	280	4.90	61500.00
592	17	Aventador	2021	6.5	759	531	2.90	393695.00
593	12	Roma	2021	3.9	612	561	3.30	222630.00
594	6	RS 5	2022	2.9	444	442	3.50	75400.00
595	22	570S	2020	3.8	562	443	3.10	208000.00
596	8	M2	2022	3.0	405	406	4.20	58900.00
597	24	SL	2022	3.0	429	384	4.90	96250.00
598	10	Camaro	2021	6.2	455	455	4.00	25000.00
599	13	GT	2022	3.5	660	550	3.00	500000.00
600	25	370Z Nismo	2021	3.7	350	276	5.00	45000.00
601	5	DBS Superleggera	2021	5.2	715	664	3.40	307820.00
602	19	Evora GT	2021	3.5	416	317	3.80	100450.00
603	20	GranTurismo	2021	4.7	454	384	4.70	134300.00
604	29	Panamera	2022	2.9	325	331	5.20	88550.00
605	17	Urus	2021	4.0	641	627	3.60	218009.00
606	12	SF90 Stradale	2021	4.0	986	590	2.50	625000.00
607	6	RS 6	2022	4.0	591	590	3.50	109000.00
608	22	Artura	2022	3.0	671	531	3.00	225000.00
609	29	Taycan 4S	2021	\N	429	472	3.80	103800.00
610	17	Aventador S	2021	6.5	730	509	2.90	417650.00
611	12	SF90 Stradale	2021	4.0	986	590	2.50	625000.00
612	6	RS 7	2022	4.0	591	590	3.50	117000.00
613	22	570S	2021	3.8	562	443	3.10	192500.00
614	8	M4	2021	3.0	473	406	4.00	72800.00
615	24	SLS AMG	2015	6.2	622	468	3.50	228000.00
616	10	Camaro SS	2021	6.2	455	455	4.00	42000.00
617	13	GT	2021	3.5	660	550	3.00	500000.00
618	25	370Z Nismo	2021	3.7	350	276	5.00	48000.00
619	5	DBS Superleggera	2021	5.2	715	664	3.20	307820.00
620	18	LC 500	2021	5.0	471	398	4.40	93000.00
621	7	Continental GT	2021	4.0	626	664	3.30	202500.00
622	20	GranTurismo	2021	4.7	454	384	4.70	150980.00
623	34	Model S Plaid	2022	\N	1020	1050	1.98	131190.00
624	31	Dawn	2021	6.6	563	605	4.30	346300.00
625	9	Chiron Pur Sport	2021	8.0	1500	1180	2.30	3599000.00
626	22	Senna	2019	4.0	789	590	2.70	1050000.00
627	29	Panamera Turbo S E-Hybrid	2021	\N	690	641	3.00	186350.00
628	1	NSX	2021	3.5	573	476	2.70	157500.00
629	5	DB11	2021	4.0	503	498	3.70	205600.00
630	6	RS7	2021	4.0	591	590	3.50	114000.00
631	7	Continental GT	2021	6.0	626	664	3.60	201000.00
632	9	Chiron	2021	8.0	1500	1180	2.50	3000000.00
633	10	Camaro ZL1	2022	6.2	650	650	3.50	67000.00
634	11	Challenger Hellcat	2021	6.2	717	656	3.50	64000.00
635	12	812 Superfast	2021	6.5	789	530	2.80	340000.00
636	17	Aventador SVJ	2021	6.5	770	531	2.80	517770.00
637	22	600LT Spider	2021	3.8	592	457	2.80	256500.00
638	23	GT Black Series	2021	4.0	720	590	3.10	325000.00
639	25	400Z	2023	3.0	400	350	4.00	40000.00
640	29	Cayman GT4	2021	4.0	414	309	4.20	101000.00
641	30	Nevera	2021	\N	1914	1696	1.90	2400000.00
642	31	Wraith	2021	6.8	624	605	4.40	330000.00
643	34	Model S Plaid	2021	\N	1020	\N	1.90	139990.00
644	35	Supra	2021	3.0	382	368	3.90	43000.00
645	29	718 Boxster	2021	2.0	300	280	4.90	62000.00
646	29	718 Boxster	2022	2.0	300	280	4.90	62000.00
647	17	Aventador S	2021	6.5	730	509	2.90	417826.00
648	12	SF90 Stradale	2022	4.0	986	590	2.50	625000.00
649	6	RS 7	2022	4.0	591	590	3.50	114000.00
650	22	Artura	2021	3.0	671	531	3.00	225000.00
651	8	M2	2022	3.0	405	406	4.10	58900.00
652	24	SLS AMG	2015	6.2	583	479	3.60	221580.00
653	10	Camaro ZL1	2021	6.2	650	650	3.50	64695.00
654	13	GT	2022	3.5	647	550	3.00	500000.00
655	25	370Z Nismo	2021	3.7	350	276	4.80	45000.00
656	11	Charger Hellcat	2021	6.2	707	650	3.60	69995.00
657	5	DBS Superleggera	2021	5.2	715	663	3.20	305000.00
658	2	Giulia Quadrifoglio	2021	2.9	505	443	3.80	75000.00
659	6	TT RS	2021	2.5	394	354	3.60	68000.00
660	7	Continental GT	2021	6.0	626	664	3.60	203825.00
661	8	M5	2022	4.4	600	553	3.20	103500.00
662	10	Corvette Stingray	2021	6.2	495	470	2.90	58900.00
663	11	Challenger SRT Hellcat	2021	6.2	717	656	3.50	63000.00
664	13	Mustang GT	2022	5.0	460	420	4.00	45000.00
665	29	Cayman	2022	2.0	300	280	4.90	59900.00
666	17	Aventador	2021	6.5	770	531	2.80	417826.00
667	12	Roma	2022	3.9	612	560	3.30	222630.00
668	6	RS7	2022	4.0	591	590	3.50	114000.00
669	22	570S	2021	3.8	562	443	2.70	204995.00
670	8	M4	2022	3.0	473	406	4.10	71800.00
671	24	SLS AMG	2021	6.2	622	468	3.50	243600.00
672	10	Camaro SS	2021	6.2	455	455	4.00	42000.00
673	13	GT	2022	3.5	660	550	2.80	500000.00
674	25	370Z Nismo	2021	3.7	350	276	5.00	47190.00
675	29	Panamera	2022	2.9	325	331	5.40	88550.00
676	17	Urus	2021	4.0	641	627	3.20	218000.00
677	12	SF90 Stradale	2021	4.0	986	590	2.50	625000.00
678	6	RS6	2022	4.0	591	590	3.50	113000.00
679	22	Artura	2021	3.0	671	531	3.00	225000.00
680	8	M2	2022	3.0	405	406	4.00	58900.00
681	24	GT 63	2021	4.0	577	590	3.30	161200.00
682	10	Camaro ZL1	2021	6.2	650	650	3.50	63000.00
683	5	DBS Superleggera	2021	5.2	715	663	3.20	310000.00
684	9	Chiron	2022	8.0	1500	1180	2.40	3000000.00
685	16	Jesko	2021	5.0	1280	1106	2.50	2800000.00
686	26	Huayra	2021	6.0	764	737	3.00	2600000.00
687	30	C_Two	2022	\N	1914	1696	1.85	2400000.00
688	22	Senna	2021	4.0	789	590	2.70	1000000.00
689	29	918 Spyder	2015	4.6	887	944	2.20	1800000.00
690	12	SF90 Stradale	2021	4.0	986	590	2.50	625000.00
691	17	Aventador SVJ	2020	6.5	759	531	2.80	517000.00
692	6	RS 6 Avant	2021	4.0	591	590	3.50	110000.00
693	7	Continental GT Speed	2022	6.0	650	664	3.50	300000.00
694	10	Camaro ZL1	2021	6.2	650	650	3.50	68000.00
695	11	Challenger SRT Hellcat	2021	6.2	717	656	3.50	65000.00
696	13	GT	2021	3.5	660	550	2.90	500000.00
697	18	LC 500	2022	5.0	471	398	4.40	92000.00
698	19	Evija	2022	\N	1972	1254	2.50	2700000.00
699	23	GT Black Series	2021	4.0	720	590	3.10	330000.00
700	5	DB11	2021	4.0	503	513	3.90	205000.00
701	7	Continental GT	2022	4.0	542	568	3.90	229000.00
702	14	F-Type	2022	2.0	296	295	5.40	62750.00
703	19	Evora GT	2021	3.5	416	317	3.80	100000.00
704	20	GranTurismo	2021	4.7	454	384	4.70	135000.00
705	29	Boxster	2022	2.0	300	280	4.90	63000.00
706	2	4C	2020	1.8	237	258	4.20	67150.00
707	10	Camaro	2022	6.2	455	455	4.00	62195.00
708	11	Challenger	2022	3.6	305	268	6.40	28000.00
709	13	GT	2022	3.5	660	550	2.90	500000.00
710	6	RS7	2022	4.0	591	590	3.50	115045.00
711	8	M4	2022	3.0	473	406	4.10	71800.00
712	17	Aventador	2021	6.5	729	507	2.90	393695.00
713	24	AMG C 63	2021	4.0	469	479	3.80	69900.00
714	25	370Z	2021	3.7	350	276	5.30	30090.00
715	29	Cayman	2022	2.0	300	280	4.90	68000.00
716	8	i8	2022	1.5	369	184	4.20	147500.00
717	10	Corvette Stingray	2021	6.2	495	470	2.90	58900.00
718	29	Taycan Turbo S	2022	\N	750	774	2.60	185000.00
719	17	Aventador S	2021	6.5	729	507	2.90	417650.00
720	12	SF90 Stradale	2022	4.0	986	590	2.50	625000.00
721	6	RS7	2022	4.0	591	590	3.50	115000.00
722	22	GT	2022	4.0	620	465	3.10	208000.00
723	8	M5	2022	4.4	600	553	3.20	103500.00
724	24	SLS AMG	2021	4.0	730	590	2.90	250000.00
725	10	Camaro ZL1	2021	6.2	650	650	3.50	63000.00
726	13	GT	2022	3.5	660	550	2.80	500000.00
727	25	370Z Nismo	2021	3.7	350	276	5.00	46100.00
728	29	Panamera Turbo S	2022	4.0	630	604	3.10	180000.00
729	17	Urus	2021	4.0	641	627	3.20	218000.00
730	12	Portofino	2022	3.9	591	561	3.40	250000.00
731	6	TT RS	2022	2.5	394	354	3.60	70000.00
732	22	570S	2021	3.8	562	443	3.10	200000.00
733	8	i8	2022	\N	369	184	4.20	148500.00
734	29	718 Cayman	2022	2.0	300	280	4.90	61500.00
735	17	Aventador	2021	6.5	770	531	2.80	417826.00
736	12	Portofino	2022	3.9	612	561	3.30	245000.00
737	6	TT RS	2022	2.5	394	354	3.60	67800.00
738	22	GT	2022	4.0	620	465	3.10	211300.00
739	8	M4	2022	3.0	473	406	4.10	71800.00
740	24	SLS AMG	2015	6.2	622	468	3.50	222500.00
741	10	Camaro SS	2022	6.2	455	455	4.00	43995.00
742	13	GT	2022	3.5	660	550	2.90	500000.00
743	25	370Z Nismo	2021	3.7	350	276	4.80	45790.00
744	29	911 Turbo S	2022	3.8	640	590	2.60	208000.00
745	22	765LT	2021	4.0	755	590	2.80	358000.00
746	17	Urus	2021	4.0	641	627	3.60	218009.00
747	23	GT Black Series	2021	4.0	720	590	3.10	325000.00
748	8	M5 Competition	2022	4.4	617	553	3.10	103500.00
749	6	RS7	2022	4.0	591	590	3.50	115000.00
750	5	Vantage	2022	4.0	503	505	3.50	152995.00
751	12	F8 Spider	2021	3.9	710	568	2.90	274280.00
752	18	LC 500	2022	5.0	471	398	4.40	102550.00
753	29	Taycan	2022	\N	469	479	3.80	79900.00
754	17	Aventador SVJ	2021	6.5	759	531	2.80	517770.00
755	12	SF90 Stradale	2021	4.0	986	590	2.50	625000.00
756	6	RS6 Avant	2021	4.0	591	590	3.50	109000.00
757	22	600LT Spider	2021	3.8	592	457	2.80	256500.00
758	8	M4	2022	3.0	473	406	3.80	71800.00
759	24	AMG GT R	2021	4.0	577	516	3.50	180000.00
760	10	Camaro ZL1	2021	6.2	650	650	3.50	64695.00
761	13	GT	2022	3.5	660	550	3.00	500000.00
762	25	370Z Nismo	2021	3.7	350	276	5.00	48000.00
763	29	Panamera Turbo S E-Hybrid	2021	4.0	690	642	3.00	190000.00
764	17	Urus	2021	4.0	641	627	3.50	218000.00
765	12	Portofino M	2021	3.9	612	561	3.40	235000.00
766	6	TT RS	2022	2.5	394	354	3.60	67600.00
767	22	Artura	2022	3.0	671	531	3.00	225000.00
768	8	M2 CS	2022	3.0	444	406	3.80	84595.00
769	24	SLS AMG Black Series	2021	6.2	622	468	3.50	335000.00
770	10	Camaro SS	2021	6.2	455	455	4.00	42000.00
771	29	718 Boxster	2022	2.0	300	280	4.90	63000.00
772	17	Aventador SVJ	2020	6.5	759	531	2.80	573966.00
773	12	SF90 Stradale	2022	4.0	986	590	2.50	625000.00
774	6	TT RS Coupe	2022	2.5	394	354	3.50	68000.00
775	22	GT	2020	4.0	612	465	3.10	210000.00
776	8	Z4 Roadster	2022	2.0	255	295	5.20	50000.00
777	24	SLS AMG	2015	6.2	622	468	3.60	200000.00
778	10	Camaro SS Convertible	2022	6.2	455	455	4.00	49000.00
779	13	GT	2021	3.5	660	550	2.90	500000.00
780	25	370Z Coupe	2020	3.7	332	270	5.00	30090.00
781	5	Vantage	2021	4.0	503	505	3.60	142086.00
782	7	Continental GT	2022	6.0	626	664	3.30	225000.00
783	9	Chiron	2021	8.0	1479	1180	2.40	3000000.00
784	11	Challenger SRT Hellcat	2022	6.2	717	656	3.50	68000.00
785	14	F-Type	2022	2.0	296	295	5.40	63700.00
786	19	Evora GT	2021	3.5	416	317	3.80	100000.00
787	20	GranTurismo	2022	4.7	454	384	4.70	150980.00
788	5	DBS Superleggera	2021	5.2	715	664	3.20	304995.00
789	19	Evora GT	2021	3.5	416	317	3.80	98395.00
790	29	Panamera Turbo S E-Hybrid	2021	4.0	689	642	3.00	190000.00
791	17	Aventador SVJ	2021	6.5	759	531	2.80	517000.00
792	12	SF90 Stradale	2021	4.0	986	590	2.50	625000.00
793	6	RS7	2022	4.0	591	590	3.50	117000.00
794	24	S63 AMG	2021	4.0	603	664	3.40	168000.00
795	10	Camaro ZL1	2021	6.2	650	650	3.50	64500.00
796	13	GT	2021	3.5	660	550	2.80	500000.00
797	25	370Z Nismo	2021	3.7	350	276	4.70	46000.00
798	29	718 Cayman GT4	2022	4.0	414	309	4.20	102000.00
799	23	C63 S Coupe	2021	4.0	503	516	3.70	77500.00
800	5	Vantage	2021	4.0	503	505	3.50	147000.00
801	22	570S	2021	3.8	562	443	3.10	193000.00
802	8	M5	2022	4.4	600	553	3.20	103500.00
803	11	Challenger SRT Hellcat	2021	6.2	717	656	3.50	64000.00
804	18	LC 500	2021	5.0	471	398	4.40	92950.00
805	23	GT 63 S	2021	4.0	630	664	3.10	162000.00
806	6	TT RS	2021	2.5	394	354	3.60	67600.00
807	1	NSX	2021	3.5	573	476	2.90	157500.00
808	29	Cayman GT4	2021	4.0	414	309	4.20	102000.00
809	17	Aventador S	2021	6.5	730	509	2.90	417826.00
810	12	SF90 Stradale	2021	4.0	986	590	2.50	625000.00
811	6	RS 5	2022	2.9	444	443	3.50	76700.00
812	22	570S Spider	2020	3.8	562	443	3.10	208800.00
813	8	M2 Competition	2022	3.0	405	406	4.20	58900.00
814	24	C 63 AMG	2022	4.0	469	479	3.90	69000.00
815	10	Camaro SS	2021	6.2	455	455	4.00	42000.00
816	13	Mustang GT	2022	5.0	460	420	4.50	43000.00
817	11	Challenger R/T	2021	5.7	372	400	5.10	35000.00
818	5	Vantage	2021	4.0	503	505	3.60	151000.00
819	19	Evora GT	2021	3.5	416	317	3.80	105000.00
820	2	4C Spider	2020	1.7	237	258	4.10	69000.00
821	14	F-Type	2022	2.0	296	295	5.40	62500.00
822	34	Roadster	2022	\N	1000	737	1.90	200000.00
823	16	Jesko	2022	5.0	1600	1106	2.50	3000000.00
824	9	Chiron Super Sport 300+	2021	8.0	1578	1180	2.40	5200000.00
825	30	Nevera	2021	\N	1914	1696	1.85	2400000.00
826	29	Cayman GT4	2022	4.0	414	309	4.20	102100.00
827	10	Camaro ZL1	2022	6.2	650	650	3.50	63000.00
828	5	Vantage	2021	4.0	503	505	3.50	142086.00
829	2	Giulia Quadrifoglio	2022	2.9	505	443	3.80	83250.00
830	11	Challenger SRT Hellcat	2021	6.2	717	656	3.50	65000.00
831	18	LC 500	2022	5.0	471	398	4.40	93050.00
832	6	RS 7 Sportback	2021	4.0	591	590	3.50	114000.00
833	8	M4 Competition	2022	3.0	503	479	3.80	74700.00
834	24	C63 S AMG	2022	4.0	503	516	3.90	77600.00
835	13	GT	2022	3.5	660	550	2.90	500000.00
836	22	GT	2021	4.0	620	465	3.10	210000.00
837	29	Panamera Turbo S	2022	4.0	630	604	2.90	181100.00
838	17	Aventador S	2021	6.5	730	507	2.90	417826.00
839	5	DBS Superleggera	2022	5.2	715	664	3.20	329100.00
840	6	TT RS	2022	2.5	394	354	3.60	67600.00
841	24	AMG C43 Coupe	2021	3.0	385	384	4.50	59900.00
842	8	i8	2022	1.5	369	184	4.20	147500.00
843	10	Corvette Stingray	2021	6.2	490	465	2.90	59900.00
844	29	Taycan	2022	\N	469	263	3.80	81250.00
845	17	Aventador	2021	6.5	730	509	2.90	517000.00
846	12	Roma	2021	3.9	611	560	3.30	222620.00
847	6	RS7	2022	4.0	591	590	3.50	115000.00
848	22	GT	2021	4.0	612	465	3.10	210000.00
849	8	M2	2022	3.0	405	406	4.20	58900.00
850	24	C63 AMG	2021	4.0	469	479	3.90	77000.00
851	10	Camaro SS	2021	6.2	455	455	4.10	43995.00
852	13	Mustang Mach 1	2021	5.0	480	420	4.10	51720.00
853	25	370Z Nismo	2021	3.7	350	276	4.80	46610.00
854	29	Panamera	2022	2.9	325	331	5.30	88550.00
855	17	Urus	2021	4.0	641	627	3.60	218009.00
856	12	SF90 Stradale	2021	\N	986	590	2.50	625000.00
857	6	RS6	2022	4.0	591	590	3.50	120000.00
858	22	570S	2021	3.8	562	443	3.10	192500.00
859	8	M4	2022	3.0	503	479	3.80	74000.00
860	24	AMG A45	2021	2.0	382	354	4.00	50000.00
861	10	Camaro ZL1	2021	6.2	650	650	3.50	63995.00
862	1	NSX	2021	3.5	573	476	2.70	157500.00
863	5	Vantage	2021	4.0	503	505	3.50	142086.00
864	7	Continental GT	2021	4.0	542	568	3.30	202500.00
865	9	Chiron	2022	8.0	1479	1180	2.40	2900000.00
866	12	F8 Tributo	2022	3.9	710	568	2.80	275000.00
867	17	Aventador	2021	6.5	730	509	2.90	517000.00
868	22	GT	2021	4.0	612	465	3.10	201500.00
869	24	AMG GT R	2021	4.0	577	516	3.50	183000.00
870	29	Taycan Turbo S	2021	\N	750	774	2.60	185000.00
871	6	RS7	2021	4.0	591	590	3.50	114000.00
872	8	M4	2021	3.0	473	406	4.10	71800.00
873	10	Camaro ZL1	2021	6.2	650	650	3.50	63000.00
874	11	Challenger SRT Hellcat Redeye	2022	6.2	797	707	3.50	80190.00
875	13	GT	2022	3.5	660	550	2.80	500000.00
876	14	F-Type	2021	3.0	380	339	4.40	62750.00
877	18	LC 500	2021	5.0	471	398	4.40	92000.00
878	19	Evija	2021	\N	2000	1254	2.80	2800000.00
879	20	GranTurismo	2021	\N	550	\N	2.80	200000.00
880	25	370Z	2021	3.7	332	270	5.00	30090.00
881	31	Ghost	2021	6.8	563	627	4.60	332500.00
882	29	Taycan	2021	2.0	402	254	5.10	81250.00
883	5	DB11	2021	4.0	630	516	3.70	198995.00
884	19	Evora GT	2021	3.5	416	317	3.80	105000.00
885	1	NSX	2022	3.5	573	476	2.70	157500.00
886	34	Roadster	2022	0.0	10000	7376	1.90	200000.00
887	10	Camaro	2022	6.2	455	455	4.00	25000.00
888	11	Charger	2021	6.2	797	707	3.30	72000.00
889	14	F-Type	2021	3.0	380	339	4.90	62750.00
890	18	LC 500	2021	5.0	471	398	4.40	93000.00
891	8	M4	2022	3.0	473	406	4.10	71800.00
892	13	GT	2021	3.5	660	550	2.90	500000.00
893	20	GranTurismo	2021	4.7	454	384	4.70	150980.00
894	22	600LT	2021	3.8	592	457	2.80	256500.00
895	24	SLS AMG	2021	6.2	622	468	3.60	254995.00
896	25	370Z	2021	3.7	332	270	5.20	30000.00
897	6	RS 7	2021	4.0	591	590	3.40	114000.00
898	7	Continental GT	2021	4.0	542	568	3.90	220000.00
899	9	Chiron	2021	8.0	1500	1180	2.40	3000000.00
900	29	Cayman	2022	2.0	300	280	4.50	59900.00
901	5	Vantage	2021	4.0	503	505	3.50	147000.00
902	2	4C Spider	2020	1.7	237	258	4.10	67150.00
903	6	RS 5	2022	2.9	444	443	3.50	75100.00
904	8	M2	2022	3.0	405	406	4.00	58900.00
905	11	Challenger SRT Hellcat	2021	6.2	717	656	3.50	60695.00
906	12	F8 Spider	2022	3.9	710	568	2.90	274390.00
907	14	F-Type	2021	3.0	296	295	5.40	64700.00
908	17	Aventador	2021	6.5	759	531	2.90	517770.00
909	18	LC 500	2022	5.0	471	398	4.40	92950.00
910	19	Evora GT	2021	3.5	416	317	3.80	99990.00
911	20	GranTurismo	2021	4.7	454	384	4.70	150800.00
912	22	GT	2021	4.0	612	465	3.10	210000.00
913	24	AMG C 63	2021	4.0	469	479	3.80	67600.00
914	25	370Z Nismo	2021	3.7	350	276	4.50	45790.00
915	29	Panamera	2022	2.9	325	331	5.30	88800.00
916	33	WRX STI	2021	2.5	310	290	5.20	38170.00
917	34	Roadster	2022	\N	10000	\N	1.90	200000.00
918	29	718 Cayman	2022	2.0	300	280	4.90	61500.00
919	17	Aventador	2021	6.5	729	509	2.90	393695.00
920	12	SF90 Stradale	2022	4.0	986	590	2.50	625000.00
921	6	RS5 Coupe	2022	2.9	444	443	3.50	76350.00
922	22	570S	2021	3.8	562	443	3.10	202000.00
923	8	M2	2022	3.0	405	406	4.00	58900.00
924	24	SL	2022	3.0	429	384	4.40	96000.00
925	10	Camaro	2021	6.2	455	455	4.00	25000.00
926	13	GT	2022	3.5	660	550	2.80	500000.00
927	25	370Z	2021	3.7	332	270	5.30	33000.00
928	2	Giulia Quadrifoglio	2021	2.9	505	443	3.80	75250.00
929	5	DB11	2022	4.0	630	516	3.70	201495.00
930	7	Continental GT	2021	6.0	626	664	3.30	201000.00
931	11	Challenger	2021	6.4	485	475	3.80	62000.00
932	14	F-Type R	2022	5.0	575	516	3.50	103200.00
933	18	LC 500	2022	5.0	471	398	4.40	92950.00
934	19	Evora GT	2021	3.5	416	317	3.80	99000.00
935	20	GranTurismo	2021	4.7	454	384	4.70	150000.00
936	29	Cayman GT4	2021	4.0	414	309	4.20	102500.00
937	5	Vantage	2022	4.0	503	505	3.50	149995.00
938	11	Charger SRT Hellcat	2022	6.2	717	650	3.50	78595.00
939	6	RS 7	2021	4.0	591	590	3.50	114000.00
940	10	Camaro SS	2022	6.2	455	455	4.10	37500.00
941	13	Mustang GT	2022	5.0	460	420	4.00	38500.00
942	14	F-Type R	2022	5.0	575	516	3.50	103200.00
943	18	LC 500	2022	5.0	471	398	4.40	92950.00
944	22	570S	2021	3.8	562	443	3.10	208800.00
945	24	AMG C63	2022	4.0	469	479	3.80	71450.00
946	25	370Z Nismo	2021	3.7	350	276	4.90	47820.00
947	29	Panamera GTS	2021	4.0	473	457	3.90	134150.00
948	6	TT RS	2022	2.5	394	354	3.60	67600.00
949	8	M4	2021	3.0	473	406	3.80	71800.00
950	12	F8 Tributo	2021	3.9	710	568	2.80	274280.00
951	17	Aventador	2021	6.5	770	531	2.90	393695.00
952	22	GT	2021	4.0	612	465	3.10	250000.00
953	24	AMG GT 4-Door Coupe	2021	4.0	630	664	3.10	171200.00
954	5	DBS Superleggera	2022	5.2	715	663	3.40	321000.00
955	19	Evora GT	2021	3.5	416	317	3.80	100500.00
956	29	Taycan Turbo S	2021	\N	750	774	2.60	185000.00
957	22	570S	2021	3.8	562	443	3.10	195000.00
958	17	Aventador SVJ	2021	6.5	759	531	2.80	517770.00
959	13	GT	2021	3.5	660	550	3.00	500000.00
960	6	RS7 Sportback	2022	4.0	591	590	3.50	114000.00
961	8	M4	2022	3.0	473	406	4.10	72800.00
962	23	C63 S	2022	4.0	503	516	3.70	78100.00
963	10	Camaro ZL1	2021	6.2	650	650	3.50	63000.00
964	11	Charger Hellcat	2021	6.2	717	650	3.60	70000.00
965	2	Giulia Quadrifoglio	2021	2.9	505	443	3.80	78450.00
966	34	Model S Plaid	2022	\N	1020	1050	1.90	141190.00
967	12	SF90 Stradale	2021	4.0	986	590	2.50	625000.00
968	29	Panamera Turbo S E-Hybrid	2021	\N	689	642	3.00	190000.00
969	22	Artura	2022	3.0	671	531	3.00	225000.00
970	17	Urus	2021	4.0	641	627	3.60	222000.00
971	13	Mustang Mach 1	2021	5.0	480	420	4.00	52915.00
972	29	911	2022	3.0	379	331	4.00	101200.00
973	17	Huracan	2021	5.2	630	443	2.80	274390.00
974	12	488 GTB	2022	3.9	661	561	3.00	333750.00
975	6	R8	2022	5.2	562	406	3.20	142700.00
976	22	720S	2021	4.0	710	568	2.70	298000.00
977	8	M8	2022	4.4	617	553	3.10	130000.00
978	24	AMG GT	2021	4.0	523	494	3.80	118500.00
979	10	Corvette	2021	6.2	490	465	2.80	59900.00
980	13	Mustang Shelby GT500	2022	5.2	760	625	3.50	81000.00
981	25	GT-R Nismo	2021	3.8	600	481	2.50	212000.00
982	11	Challenger SRT Hellcat	2021	6.2	717	656	3.50	64195.00
983	5	Vantage	2021	4.0	503	505	3.60	147000.00
984	9	Chiron	2022	8.0	1500	1180	2.50	3900000.00
985	16	Jesko	2022	5.0	1280	1015	2.50	3000000.00
986	26	Huayra	2021	6.0	764	740	2.80	2600000.00
987	30	Nevera	2022	\N	1914	1696	1.85	2400000.00
988	19	Evija	2022	\N	1973	1254	2.50	2000000.00
989	27	Battista	2021	\N	1872	1696	1.90	2500000.00
990	20	MC20	2021	3.0	621	538	2.90	210000.00
991	29	Cayman	2021	2.0	300	280	5.10	59900.00
992	17	Aventador	2021	6.5	730	509	2.90	393695.00
993	12	SF90 Stradale	2021	4.0	986	590	2.50	625000.00
994	6	RS 5	2021	2.9	444	443	3.50	75100.00
995	22	GT	2022	4.0	612	465	3.10	210000.00
996	8	M2	2021	3.0	405	406	4.00	58900.00
997	24	SLS AMG	2021	6.3	622	468	3.60	254500.00
998	10	Camaro	2021	6.2	455	455	4.00	25000.00
999	13	Mustang	2021	2.3	310	350	5.30	27205.00
1000	25	370Z	2021	3.7	332	270	5.10	30090.00
1001	5	Vantage	2021	4.0	503	505	3.60	146000.00
1002	9	Chiron	2021	8.0	1479	1180	2.40	3000000.00
1003	16	Jesko	2022	5.0	1280	1106	2.50	3000000.00
1004	19	Evija	2021	\N	1972	1254	2.00	2000000.00
1005	22	Senna	2021	4.0	789	590	2.70	1000000.00
1006	26	Huayra	2021	6.0	764	738	3.00	2600000.00
1007	30	Nevera	2021	\N	1888	1696	1.85	2400000.00
\.


--
-- Data for Name: car_import; Type: TABLE DATA; Schema: public; Owner: pranav
--

COPY public.car_import (car_make, car_model, year, engine_size_l, horsepower, torque_lbft, zero_to_sixty, price_usd) FROM stdin;
Porsche	911	2022	3	379	331	4	101,200
Lamborghini	Huracan	2021	5.2	630	443	2.8	274,390
Ferrari	488 GTB	2022	3.9	661	561	3	333,750
Audi	R8	2022	5.2	562	406	3.2	142,700
McLaren	720S	2021	4	710	568	2.7	298,000
BMW	M8	2022	4.4	617	553	3.1	130,000
Mercedes-Benz	AMG GT	2021	4	523	494	3.8	118,500
Chevrolet	Corvette	2021	6.2	490	465	2.8	59,900
Ford	Mustang Shelby GT500	2022	5.2	760	625	3.5	81,000
Nissan	GT-R Nismo	2021	3.8	600	481	2.5	212,000
Aston Martin	DB11	2021	5.2	630	516	3.5	201,495
Bugatti	Chiron	2021	8	1500	1180	2.4	3,000,000
Dodge	Challenger SRT Hellcat	2022	6.2	717	656	3.5	61,000
Jaguar	F-Type	2022	3	296	295	5.4	70,100
Koenigsegg	Jesko	2021	5	1280	1015	2.5	2,800,000
Lexus	LC 500	2021	5	471	398	4.4	92,950
Lotus	Evora GT	2021	3.5	416	317	3.8	104,450
Maserati	GranTurismo	2021	4.7	454	384	4.8	150,000
Porsche	Boxster	2021	2	300	280	4.7	62,000
Alfa Romeo	Giulia Quadrifoglio	2022	2.9	505	443	3.8	78,000
Ariel	Atom	2021	2	320	243	2.8	75,000
Bentley	Continental GT	2021	6	626	664	3.6	225,000
McLaren	Artura	2022	3	671	531	3	225,000
Mercedes-AMG	SLS AMG	2021	6.2	622	468	3.5	248,000
Pagani	Huayra	2021	6	720	737	2.8	2,800,000
Polestar	1	2021	2	600	738	4.1	155,000
Rimac	Nevera	2022	Electric	1914	1696	1.85	2,400,000
Porsche	Cayman GT4	2022	4	414	309	3.8	100,200
Lamborghini	Aventador SVJ	2021	6.5	759	531	2.8	517,770
Ferrari	SF90 Stradale	2021	4	986	590	2.5	625,000
Audi	RS7	2022	4	591	590	3.5	117,000
McLaren	Artura	2021	3	671	531	3	225,000
BMW	M4	2022	3	503	479	3.8	72,800
Mercedes-Benz	SLS AMG	2015	6.2	622	468	3.2	222,000
Chevrolet	Camaro ZL1	2021	6.2	650	650	3.5	64,695
Ford	GT	2022	3.5	660	550	3	500,000
Nissan	370Z Nismo	2021	3.7	350	276	4.5	45,690
Porsche	Taycan 4S	2022	Electric Motor	562	479	3.8	104,000
Lamborghini	Urus	2021	4	641	626	3.5	218,000
Ferrari	Roma	2021	3.9	611	561	3.3	222,000
Audi	RS3	2022	2.5	394	369	3.9	57,000
McLaren	GT	2021	4	612	465	3.1	210,000
BMW	i8	2020	1.5 + Electric	369	420	4.2	148,500
Mercedes-Benz	CLS63 AMG	2019	4	603	627	3.4	132,000
Porsche	Cayman	2021	2	300	280	5.1	58,900
Lamborghini	Aventador SVJ	2021	6.5	759	531	2.8	518,000
Ferrari	SF90 Stradale	2021	4	986	590	2.5	625,000
Audi	RS3	2022	2.5	394	369	3.9	56,200
McLaren	570S	2021	3.8	562	443	2.8	192,500
BMW	M4	2022	3	503	479	3.8	71,800
Mercedes-Benz	AMG C63	2021	4	503	516	3.8	68,000
Chevrolet	Camaro SS	2021	6.2	455	455	4.1	42,500
Ford	Mustang GT	2022	5	460	420	4.3	39,000
Nissan	370Z Nismo	2021	3.7	350	276	4.8	46,100
Aston Martin	Vantage	2021	4	503	505	3.5	142,100
Lotus	Evora GT	2021	3.5	416	317	3.8	105,000
Porsche	Panamera	2021	2.9	325	331	5.1	87,200
Lamborghini	Urus	2021	4	641	627	3.2	218,000
Ferrari	Roma	2021	3.9	612	560	3.4	222,000
Audi	S5	2022	3	349	369	4.4	52,500
McLaren	600LT	2021	3.8	592	457	2.8	241,000
BMW	M5	2022	4.4	600	553	3.2	103,500
Aston Martin	Vantage	2022	4	503	505	3.5	146,000
Audi	RS5	2021	2.9	444	443	3.6	75,400
BMW	M2	2022	3	405	406	4	58,900
Chevrolet	Camaro SS	2021	6.2	455	455	4	42,900
Dodge	Challenger SRT Hellcat Redeye	2022	6.2	797	707	3.4	78,595
Ford	GT	2021	3.5	660	550	3	500,000
Jaguar	F-Type	2022	2	296	295	5.4	62,750
Lamborghini	Aventador	2021	6.5	770	531	2.9	417,826
Maserati	GranTurismo	2021	4.7	454	384	4.7	150,980
McLaren	Artura	2022	3	671	531	3	225,000
Mercedes-Benz	C63 AMG	2021	4	503	516	3.8	70,100
Nissan	370Z	2021	3.7	332	270	5	30,090
Porsche	Panamera	2022	2.9	325	331	5.3	88,700
Audi	TT RS	2021	2.5	394	354	3.6	67,600
BMW	M4	2022	3	473	406	4.1	72,800
Chevrolet	Corvette Stingray	2021	6.2	490	465	2.8	59,900
Ferrari	F8 Tributo	2021	3.9	710	568	2.8	274,280
Ford	Mustang Mach 1	2021	5	480	420	4.3	52,915
Lamborghini	Urus	2021	4	641	627	3.6	218,009
Porsche	718 Cayman	2022	2	300	280	4.5	61,000
Acura	NSX	2022	3.5	573	476	2.9	159,495
Aston Martin	Vantage	2022	4	503	505	3.5	142,086
Bentley	Continental GT	2021	6	626	664	3.3	219,800
Bugatti	Chiron	2022	8	1500	1180	2.4	3,000,000
Dodge	Challenger SRT Hellcat Redeye	2022	6.2	797	707	3.4	74,290
Jaguar	F-Type	2022	3	380	339	4.9	71,900
Koenigsegg	Jesko	2022	5	1600	1106	2.5	3,000,000
Lexus	LC 500	2022	5	471	398	4.4	92,950
Lotus	Evora GT	2021	3.5	416	317	3.8	105,000
Maserati	GranTurismo	2022	4.7	454	384	4.7	134,300
Mazda	MX-5 Miata	2021	2	181	151	6.5	26,830
McLaren	GT	2022	4	620	465	3.1	213,195
Mercedes-Benz	SLS AMG	2015	6.2	622	468	3.7	221,580
Pagani	Huayra	2022	6	764	738	2.8	2,800,000
Porsche	718 Cayman GT4	2022	4	414	309	4.2	100,550
Rimac	Nevera	2022	Electric	1914	1696	1.95	2,400,000
Rolls-Royce	Wraith	2021	6.8	624	605	4.4	330,000
Tesla	Roadster	2022	Electric	1000+	737	1.9	200,000
Toyota	Supra	2022	3	382	368	3.9	43,090
W Motors	Fenyr Supersport	2022	3.8	800	723	2.7	1,700,000
Porsche	718 Cayman	2022	2	300	280	4.7	60,500
Lamborghini	Aventador	2021	6.5	770	531	2.9	522,000
Ferrari	SF90 Stradale	2021	4	986	590	2.5	625,000
Audi	TT RS	2022	2.5	394	354	3.4	67,000
McLaren	GT	2021	4	612	465	3.1	212,500
BMW	M4	2022	3	503	479	3.8	75,000
Mercedes-Benz	SL 63 AMG	2021	4	603	664	3.5	155,000
Chevrolet	Camaro ZL1	2021	6.2	650	650	3.5	64,000
Ford	GT	2022	3.5	660	550	2.8	500,000
Nissan	370Z	2021	3.7	332	270	4.7	31,015
Aston Martin	DBS Superleggera	2021	5.2	715	664	3.4	304,995
Bugatti	Chiron	2021	8	1500	1180	2.4	3,000,000
Lotus	Evora GT	2021	3.5	416	317	3.8	105,000
McLaren	570S	2021	3.8	562	443	3.2	192,500
Porsche	Panamera Turbo S E-Hybrid	2021	4	690	642	3.2	190,000
Lamborghini	Urus	2021	4	641	627	3.6	222,000
Ferrari	Roma	2021	3.9	611	561	3.3	222,000
Audi	RS7	2021	4	591	590	3.5	115,000
BMW	M2	2022	3	405	406	4.2	59,000
Porsche	Cayman GT4	2022	4	414	309	4.2	102,100
Lamborghini	Aventador	2021	6.5	730	509	2.9	417,826
Aston Martin	DBS Superleggera	2021	5.2	715	664	3.2	304,995
Bentley	Continental GT	2021	6	626	664	3.6	220,300
Audi	RS7	2022	4	591	590	3.5	114,000
Mercedes-Benz	SLS AMG	2021	6.2	622	468	3.7	239,100
McLaren	570S	2021	3.8	562	443	3.1	192,500
BMW	M2	2022	3	405	406	4	58,900
Chevrolet	Camaro ZL1	2021	6.2	650	650	3.5	62,500
Dodge	Challenger SRT Hellcat	2021	6.2	717	656	3.5	65,290
Ferrari	Portofino	2021	3.9	592	560	3.5	219,750
Porsche	Panamera Turbo S	2022	4	620	604	2.9	187,700
Lamborghini	Urus	2021	4	641	627	3.6	222,004
Mercedes-Benz	AMG C63	2021	4	469	479	3.8	71,350
Aston Martin	Vantage	2021	4	503	505	3.6	146,000
Audi	S5	2022	3	349	369	4.4	52,500
Porsche	Cayman	2022	2.5	365	309	4.5	68,900
Lamborghini	Aventador	2021	6.5	730	507	2.8	517,770
Ferrari	F8 Tributo	2022	3.9	710	568	2.9	276,550
Audi	TT RS	2021	2.5	394	354	3.6	67,600
McLaren	570S	2021	3.8	562	443	3.1	192,500
BMW	Z4 M40i	2022	3	382	369	3.9	63,700
Mercedes-Benz	SLS AMG	2015	6.2	622	468	3.7	221,580
Chevrolet	Camaro SS	2022	6.2	455	455	4.1	44,000
Ford	Mustang Mach 1	2021	5	480	420	4	51,720
Nissan	370Z Nismo	2021	3.7	350	276	4.9	45,790
Porsche	Panamera	2022	2.9	325	331	5.4	88,550
Lamborghini	Urus	2021	4	641	627	3.5	218,009
Ferrari	Roma	2021	3.9	612	561	3.3	222,620
Audi	RS 3	2022	2.5	401	369	3.6	56,200
McLaren	GT	2021	4	612	465	3.2	200,000
BMW	M2 CS	2022	3	444	406	3.8	84,595
Mercedes-Benz	AMG C63	2021	4	503	516	3.8	77,500
Chevrolet	Camaro ZL1	2021	6.2	650	650	3.5	62,500
Acura	NSX	2021	3.5	573	476	2.7	157,500
Aston Martin	DB11	2022	4	503	513	3.7	204,100
Bentley	Continental GT	2021	6	626	664	3.4	220,300
Bugatti	Chiron	2021	8	1500	1180	2.4	3,000,000
Dodge	Viper	2017	8.4	645	600	3.3	120,000
Jaguar	F-Type	2022	3	380	339	4.9	69,900
Koenigsegg	Jesko	2022	5	1600	1106	2.5	3,000,000
Lexus	LC 500	2022	5	471	398	4.4	92,950
Lotus	Evora GT	2021	3.5	416	317	3.8	105,950
Maserati	GranTurismo	2020	4.7	454	384	4.8	150,000
McLaren	570S	2020	3.8	562	443	3.1	204,550
Pagani	Huayra	2020	6	720	738	3	2,700,000
Porsche	Cayman GT4	2022	4	414	309	4.2	102,900
Rimac	C_Two	2022	N/A	1914	1696	1.9	2,400,000
Rolls-Royce	Wraith	2021	6.6	624	605	4.3	330,000
Shelby	Cobra	1965	7	435	440	4.2	1,000,000
Tesla	Model S Plaid	2021	N/A	1020	1050	1.98	131,190
Toyota	GR Supra	2022	3	382	368	3.9	43,090
TVR	Griffith	2022	5	500	479	3.8	123,500
W Motors	Lykan Hypersport	2015	3.7	780	708	2.8	3,400,000
Porsche	718 Cayman	2021	2	300	280	4.5	61,500
Lamborghini	Aventador SVJ	2021	6.5	770	531	2.8	518,000
Ferrari	SF90 Stradale	2022	4	986	590	2.5	507,000
Audi	RS 6	2021	4	591	590	3.5	109,000
McLaren	GT	2021	4	612	465	3.1	210,000
BMW	M2 CS	2022	3	444	406	3.8	84,595
Mercedes-Benz	SLS AMG	2015	6.2	622	468	3.6	228,000
Chevrolet	Camaro SS	2021	6.2	455	455	4	42,000
Ford	GT	2022	3.5	660	550	2.8	500,000
Nissan	370Z Nismo	2021	3.7	350	276	5	45,000
Porsche	Taycan	2021	Electric	750	774	2.6	185,000
Lamborghini	Urus	2021	4	641	627	3.6	222,004
Ferrari	F8 Tributo	2021	3.9	710	568	2.9	276,550
Audi	RS 3	2022	2.5	401	354	3.5	56,000
McLaren	570S	2021	3.8	562	443	3.1	191,000
BMW	M5	2022	4.4	600	553	3.2	104,000
Mercedes-Benz	AMG C 63	2021	4	469	479	3.9	69,900
Chevrolet	Camaro ZL1	2021	6.2	650	650	3.5	64,000
Porsche	Taycan	2022	2	402	254	5.1	81,250
Lamborghini	Aventador	2021	6.5	730	509	2.9	517,700
Aston Martin	DBS Superleggera	2022	5.2	715	663	3.4	330,000
Audi	RS 6 Avant	2021	4	591	590	3.5	109,000
McLaren	600LT	2021	3.8	592	457	2.8	242,500
Mercedes-AMG	C 63 S Coupe	2022	4	503	516	3.7	77,000
BMW	M4	2022	3	473	406	4.1	72,800
Chevrolet	Camaro ZL1	2021	6.2	650	650	3.5	62,000
Dodge	Challenger SRT Hellcat Redeye	2022	6.2	797	707	3.5	76,000
Ford	GT	2022	3.5	660	550	2.9	500,000
Nissan	370Z	2021	3.7	332	270	4.9	30,090
Porsche	Panamera	2022	2.9	325	332	5.3	87,200
Lamborghini	Urus	2021	4	641	626	3.5	218,000
Bugatti	Chiron	2021	8	1500	1180	2.3	3,000,000
Ferrari	F8 Tributo	2021	3.9	710	568	2.9	274,280
Audi	RS 7	2021	4	591	590	3.5	114,000
McLaren	570S	2021	3.8	562	443	3.1	191,000
Aston Martin	Vantage	2022	4	503	505	3.5	142,086
Jaguar	F-Type	2022	5	575	516	3.5	103,200
Porsche	Panamera Turbo S	2021	4	620	604	2.9	177,700
Lamborghini	Aventador S	2021	6.5	729	509	2.9	417,650
Ferrari	SF90 Stradale	2021	4	986	590	2.5	625,000
Audi	RS7	2022	4	591	590	3.5	115,045
McLaren	600LT	2021	3.8	592	457	2.9	256,500
BMW	M2 Competition	2022	3	405	406	4	59,895
Mercedes-Benz	S63 AMG	2021	4	603	664	3.4	152,500
Chevrolet	Camaro ZL1	2021	6.2	650	650	3.5	64,695
Dodge	Challenger SRT Hellcat	2022	6.2	717	656	3.5	69,995
Ford	GT	2022	3.5	660	550	2.9	500,000
Porsche	Taycan Turbo S	2021	N/A	750	774	2.6	185,000
Lamborghini	Urus	2021	4	641	627	3.2	218,009
Ferrari	812 Superfast	2021	6.5	789	530	2.9	363,730
Audi	R8 Spyder	2022	5.2	562	406	3.5	183,300
McLaren	GT	2021	4	612	465	3.1	210,000
BMW	M4	2022	3	473	406	4.1	73,795
Mercedes-Benz	AMG GT R	2021	4	577	516	3.5	183,000
Chevrolet	Corvette Stingray	2021	6.2	495	470	2.9	60,995
Aston Martin	DB11	2022	5.2	630	516	3.5	207,000
Bentley	Continental GT	2022	6	626	664	3.5	203,825
Jaguar	F-Type R	2021	5	575	516	3.5	103,200
Acura	NSX	2022	3.5	573	476	2.7	157,500
Lotus	Evora GT	2021	3.5	416	317	3.7	99,800
Porsche	Cayman GT4	2021	4	414	309	4.2	100,200
Alfa Romeo	4C	2020	1.7	237	258	4.1	67,150
Audi	RS5	2022	2.9	444	443	3.7	77,250
BMW	M2 Competition	2021	3	405	406	4	58,900
Chevrolet	Camaro ZL1	2021	6.2	650	650	3.5	64,695
Dodge	Charger SRT Hellcat	2022	6.2	717	650	3.6	71,490
Ford	GT	2022	3.5	660	550	2.8	500,000
Lexus	LC 500	2022	5	471	398	4.4	92,950
Maserati	GranTurismo	2020	4.7	454	384	4.8	150,400
Nissan	370Z Nismo	2021	3.7	350	276	4.6	47,820
Rolls-Royce	Wraith	2022	6.8	624	605	4.4	330,000
Subaru	WRX STI	2021	2.5	310	290	4.6	38,170
Tesla	Model S Plaid	2022	N/A	1020	1050	1.9	131,190
Porsche	Cayman GT4	2021	4	414	309	4.2	102,000
Lamborghini	Aventador	2021	6.5	729	507	2.9	393,695
Ferrari	Portofino	2022	3.9	591	413	3.3	218,750
Audi	RS7	2021	4	591	590	3.5	114,000
McLaren	600LT	2021	3.8	592	457	2.8	256,500
BMW	M2	2022	3	405	406	4	58,900
Mercedes-Benz	AMG GT	2021	4	523	494	3.8	118,500
Chevrolet	Camaro SS	2021	6.2	455	455	4.1	40,590
Ford	Mustang Mach 1	2021	5	480	420	4	52,720
Nissan	370Z Nismo	2021	3.7	350	276	4.6	45,000
Porsche	Panamera Turbo	2022	4	620	604	3.1	174,300
Lamborghini	Urus	2021	4	641	627	3.2	222,004
Ferrari	SF90 Stradale	2022	4	986	590	2.5	625,000
Audi	TT RS	2022	2.5	394	354	3.4	67,895
McLaren	GT	2021	4	612	465	3.1	210,000
Dodge	Challenger SRT Hellcat	2021	6.2	717	656	3.5	62,290
Aston Martin	DBS Superleggera	2021	5.2	715	663	3.2	304,995
Jaguar	F-Type R	2021	5	575	516	3.5	103,200
Lexus	LC 500	2022	5	471	398	4.4	93,050
Porsche	Cayman GT4	2022	4	414	309	4.2	101,200
BMW	M2 Competition	2022	3	405	406	4	59,895
Audi	RS 5 Coupe	2021	2.9	444	443	3.7	75,100
Chevrolet	Camaro ZL1	2021	6.2	650	650	3.5	64,195
Lotus	Evora GT	2022	3.5	416	317	3.8	105,000
McLaren	GT	2021	4	612	465	3.1	211,000
Mercedes-Benz	SLS AMG Black Series	2014	6.2	622	468	3.5	275,000
Bugatti	Chiron	2021	8	1500	1180	2.4	2,998,000
Koenigsegg	Jesko	2021	5	1280	1015	2.5	3,000,000
Ferrari	SF90 Stradale	2021	4	986	590	2.5	625,000
Lamborghini	Aventador SVJ	2020	6.5	770	531	2.8	573,966
Rimac	C_Two	2022	Electric	1914	1732	1.85	2,400,000
Pagani	Huayra Roadster BC	2021	6	791	774	2.5	3,500,000
Pininfarina	Battista	2022	Electric	1874	1696	1.9	2,500,000
Acura	NSX	2022	3.5	573	476	2.9	157,500
Aston Martin	Vantage	2021	4	503	505	3.5	146,000
Bentley	Continental GT	2022	4	542	568	3.9	219,800
Dodge	Challenger SRT Hellcat	2022	6.2	717	656	3.5	70,000
Jaguar	F-Type	2022	2	296	295	5.4	61,600
Kia	Stinger	2022	3.3	368	376	4.7	52,200
Lotus	Evora GT	2021	3.5	416	317	3.8	100,450
Maserati	GranTurismo	2021	4.7	454	384	4.8	134,300
Porsche	718 Cayman GT4	2022	4	414	309	4.2	102,550
Alfa Romeo	Giulia Quadrifoglio	2021	2.9	505	443	3.8	76,400
Audi	RS7	2021	4	591	590	3.5	114,000
BMW	M5	2022	4.4	600	553	3.2	103,500
Chevrolet	Camaro ZL1	2022	6.2	650	650	3.5	69,000
Ford	GT	2022	3.5	660	550	3	500,000
Lamborghini	Aventador	2021	6.5	770	531	2.8	417,826
McLaren	Artura	2021	3	671	531	3	225,000
Mercedes-Benz	SLS AMG	2021	4	577	516	3.6	247,500
Nissan	370Z Nismo	2021	3.7	350	276	4.8	45,790
Porsche	Taycan	2022	Electric	616	774	2.6	79,900
Tesla	Model S	2022	Electric	1020	1050	1.98	119,000
Aston Martin	DBS Superleggera	2022	5.2	715	664	3.2	307,820
Bentley	Continental GT	2022	4	542	568	3.4	207,825
Bugatti	Chiron	2021	8	1479	1180	2.3	2,998,000
McLaren	570S	2021	3.8	562	443	3.1	202,500
Porsche	Taycan Turbo S	2021	Electric	750	774	2.6	185,000
Lamborghini	Aventador S	2021	6.5	730	509	2.9	417,826
Ferrari	F8 Tributo	2022	3.9	710	568	2.8	276,550
Audi	RS 7	2022	4	591	590	3.5	114,000
BMW	M2 CS	2022	3	444	406	4	84,595
Mercedes-Benz	SLS AMG	2021	6.2	622	468	3.2	275,000
Chevrolet	Camaro ZL1	2021	6.2	650	650	3.5	63,000
Ford	GT	2022	3.5	660	550	3	500,000
Jaguar	F-Type	2021	5	575	516	3.5	103,200
Lotus	Evora GT	2021	3.5	416	317	3.8	96,950
Maserati	GranTurismo	2022	4.7	454	384	4.8	134,300
McLaren	765LT	2021	4	755	590	2.8	358,000
Nissan	370Z	2021	3.7	332	270	5	30,000
Pagani	Huayra	2021	6	730	738	3	2,600,000
Porsche	Panamera Turbo S	2021	4	620	604	2.9	180,000
Tesla	Model S Plaid	2021	Electric	1020	1050	1.9	131,100
Aston Martin	DB11	2021	4	503	513	4	201,495
Dodge	Challenger Hellcat Redeye	2022	6.2	797	707	3.4	82,190
Lotus	Evora	2021	3.5	416	317	3.8	96,950
Acura	NSX	2021	3.5	573	476	2.7	159,495
Alfa Romeo	Giulia Quadrifoglio	2021	2.9	505	443	3.8	76,950
Bentley	Continental GT	2021	6	626	664	3.3	202,500
Jaguar	F-Type	2022	3	380	339	4.9	70,100
Koenigsegg	Jesko	2022	5	1280	1015	2.5	3,000,000
Lexus	LC 500	2021	5	471	398	4.4	92,950
Maserati	GranTurismo	2022	4.7	454	384	4.8	132,795
McLaren	GT	2022	4	612	465	3.1	215,500
Mercedes-AMG	C 63 S Coupe	2022	4	503	516	3.7	80,900
Porsche	718 Cayman	2021	2	300	280	4.9	59,900
Rolls-Royce	Wraith	2021	6.8	624	605	4.3	330,000
Tesla	Roadster	2022	-	1000+	-	1.9	200,000
Chevrolet	Camaro SS	2021	6.2	455	455	4	40,000
Ford	GT	2022	3.5	660	550	3	500,000
Acura	NSX	2022	3.5	573	476	2.7	157,500
Aston Martin	DB11	2021	5.2	630	516	3.7	209,000
Bentley	Continental GT	2022	4	542	568	3.9	202,500
Bugatti	Chiron	2021	8	1500	1180	2.4	3,000,000
Dodge	Challenger Hellcat	2022	6.2	717	656	3.5	67,500
Jaguar	F-Type	2021	5	575	516	3.5	103,200
Koenigsegg	Jesko	2022	5	1280	1106	2.5	2,800,000
Lexus	LC	2021	5	471	398	4.4	92,950
Lotus	Evora GT	2021	3.5	416	317	3.8	104,200
Maserati	GranTurismo	2021	4.7	454	384	4.7	133,050
McLaren	570S	2021	3.8	562	443	3.1	196,350
Mercedes-Benz	AMG C63	2022	4	503	516	3.8	69,900
Pagani	Huayra BC	2021	6	791	774	2.7	2,600,000
Porsche	Cayman GT4	2022	4	414	309	4.2	102,900
Rimac	Nevera	2022	Electric	1914	1696	1.85	2,400,000
Rolls-Royce	Wraith	2021	6.7	624	605	4.4	338,000
Tesla	Roadster	2022	Electric	1000+	10,000+	1.9	200,000
Acura	NSX	2022	3.5	573	476	2.7	157,500
Aston Martin	Vantage	2021	4	503	505	3.5	150,000
Bentley	Continental GT	2021	6	626	664	3.6	218,400
Dodge	Challenger SRT Hellcat Redeye	2021	6.2	797	707	3.5	73,000
Jaguar	F-Type R	2022	5	575	516	3.5	103,200
Lexus	LC 500	2021	5	471	398	4.4	92,950
Lotus	Evora GT	2021	3.5	416	317	3.8	104,970
Maserati	GranTurismo	2021	4.7	454	384	4.8	132,400
Porsche	Cayman GT4	2021	4	414	309	4.2	101,200
Tesla	Roadster	2023	Electric	1,000+	737	< 1.9	200,000
Alpine	A110	2021	1.8	288	236	4.4	71,500
Audi	RS7	2021	4	591	590	3.5	114,000
BMW	M4	2021	3	473	406	4.1	71,800
Chevrolet	Camaro ZL1	2021	6.2	650	650	3.5	64,195
Dodge	Viper	2017	8.4	645	600	3.3	118,795
Ferrari	Portofino	2021	3.9	591	560	3.5	218,750
Jaguar	F-Type	2022	3	296	295	5.4	61,600
Lamborghini	Aventador SVJ	2021	6.5	770	531	2.8	517,700
McLaren	600LT	2021	3.8	592	457	2.8	240,000
Aston Martin	DB11	2021	5.2	630	516	3.5	221,400
Bentley	Continental GT	2021	6	626	664	3.6	202,500
Bugatti	Chiron	2022	8	1500	1180	2.4	3,000,000
Dodge	Challenger SRT Hellcat	2021	6.2	717	656	3.5	64,100
Jaguar	F-Type R	2022	5	575	516	3.5	103,200
Koenigsegg	Jesko	2022	5	1280	1015	2.5	2,800,000
Lexus	LC 500	2021	5	471	398	4.4	92,950
Lotus	Evora GT	2021	3.5	416	317	3.8	100,450
Maserati	GranTurismo	2021	4.7	454	384	4.8	150,980
McLaren	Artura	2022	3	671	531	3	225,000
Mercedes-AMG	C 63 S	2022	4	503	516	3.7	81,550
Pagani	Huayra	2021	6	764	738	2.8	3,500,000
Porsche	Cayman GT4	2021	4	414	309	4.2	102,550
Rimac	C_Two	2022	N/A	1888	1696	1.8	2,400,000
Rolls-Royce	Wraith	2021	6.6	624	642	4.4	330,000
Tesla	Roadster	2022	N/A	10000+	0	1.9	200,000
Toyota	Supra	2022	3	382	368	3.9	43,090
Acura	NSX	2021	3.5	573	476	2.7	157,500
Aston Martin	Vantage	2021	4	503	505	3.5	146,000
Bentley	Continental GT	2022	4	542	568	3.9	207,825
Dodge	Challenger SRT Hellcat	2021	6.2	717	656	3.5	64,195
Jaguar	F-Type	2022	3	380	339	4.8	62,250
Lexus	LC 500	2022	5	471	398	4.4	92,000
Lotus	Evora GT	2021	3.5	416	317	3.8	105,000
Maserati	GranTurismo	2022	4.7	454	384	4.7	134,300
McLaren	570S	2022	3.8	562	443	2.9	204,550
Porsche	Cayman GT4	2021	4	414	309	4.2	102,000
Tesla	Model S Plaid	2021	Electric (tri-motor)	1020	1050	1.9	141,190
Audi	RS 5	2021	2.9	444	443	3.5	75,100
BMW	M2 Competition	2022	3	405	406	4	59,895
Chevrolet	Camaro ZL1	2021	6.2	650	650	3.5	64,995
Dodge	Viper ACR	2017	8.4	645	600	3.3	126,190
Ford	GT	2021	3.5	660	550	2.9	500,000
Porsche	Taycan 4S	2022	2.5	482	472	3.8	102,900
Lamborghini	Aventador S	2021	6.5	730	509	2.9	417,650
Aston Martin	DB11	2021	5.2	630	516	3.5	205,000
Alfa Romeo	Giulia Quadrifoglio	2022	2.9	505	443	3.8	81,250
Audi	RS7 Sportback	2022	4	591	590	3.5	115,045
BMW	M4 Competition	2021	3	503	479	3.9	75,695
Chevrolet	Camaro SS	2022	6.2	455	455	4.1	42,000
Dodge	Charger Hellcat	2021	6.2	717	650	3.6	71,490
Ferrari	F8 Tributo	2021	3.9	710	568	2.9	274,280
Ford	GT	2021	3.5	660	550	2.8	500,000
Jaguar	F-Type R	2021	5	575	516	3.5	103,200
Koenigsegg	Jesko Absolut	2022	5	1600	1106	2.1	2,800,000
Lexus	LC 500	2021	5	471	398	4.4	93,050
Lotus	Evija	2022	Electric	1973	1254	2.5	2,750,000
McLaren	GT	2022	4	612	465	3.2	210,000
Mercedes-Benz	AMG GT Black Series	2021	4	720	590	3.2	326,050
Porsche	Cayman GT4	2021	4	414	309	4.2	102,500
Lamborghini	Aventador	2021	6.5	770	531	2.8	417,650
Ferrari	Portofino	2021	3.9	591	560	3.3	218,750
Audi	TT RS	2022	2.5	394	354	3.6	69,000
McLaren	600LT Spider	2021	3.8	592	457	2.8	256,500
BMW	M4	2022	3	473	406	4.1	72,800
Mercedes-Benz	AMG C 63	2022	4	503	516	3.8	70,000
Chevrolet	Camaro SS 1LE	2021	6.2	455	455	4	44,500
Ford	Mustang Mach 1	2021	5	480	420	4	51,000
Nissan	370Z Nismo	2021	3.7	350	276	5.2	45,000
Aston Martin	Vantage	2021	4	503	505	3.5	146,000
Bugatti	Chiron	2022	8	1500	1180	2.4	3,000,000
Koenigsegg	Jesko	2021	5	1262	1106	2.5	3,000,000
Pagani	Huayra	2021	6	764	738	2.6	2,600,000
McLaren	Speedtail	2021	4	1035	848	2.5	2,300,000
Lamborghini	Sián	2021	6.5	819	531	2.8	3,600,000
Rimac	C_Two	2021	Electric	1914	1732	1.8	2,400,000
Porsche	Cayman	2022	2	300	280	4.9	59,900
Lamborghini	Aventador	2021	6.5	770	531	2.8	393,695
Ferrari	Portofino	2021	3.9	591	413	3.5	215,000
Audi	RS 5	2022	2.9	444	443	3.7	75,100
McLaren	GT	2021	4	620	465	3.1	210,000
BMW	Z4 M40i	2022	3	382	369	4.3	63,700
Mercedes-Benz	SLC 43	2020	3	385	384	4.6	62,000
Chevrolet	Camaro SS	2022	6.2	455	455	4.3	42,500
Ford	Mustang GT	2022	5	460	420	4.3	36,120
Nissan	370Z Nismo	2020	3.7	350	276	4.6	45,790
Aston Martin	Vantage	2022	4	503	505	3.6	146,000
Bentley	Continental GT	2021	4	626	664	3.3	220,000
Porsche	718 Boxster	2022	2	300	280	4.9	62,000
Lamborghini	Urus	2021	4	641	627	3.6	222,004
Ferrari	F8 Spider	2021	3.9	710	568	2.9	280,000
Audi	TT RS	2022	2.5	394	354	3.6	69,900
McLaren	570S	2021	3.8	562	443	2.9	208,800
BMW	M4	2022	3	473	406	4	72,800
Porsche	718 Cayman	2022	2	300	280	4.9	60,500
Lamborghini	Aventador	2021	6.5	730	509	2.9	393,695
Ferrari	SF90 Stradale	2022	4	986	590	2.5	625,000
Audi	RS5	2022	2.9	444	443	3.7	75,100
McLaren	GT	2021	4	612	465	3.2	208,800
BMW	M2	2022	3	405	406	4	58,900
Mercedes-Benz	SLS AMG	2015	6.2	622	468	3.6	229,000
Chevrolet	Camaro ZL1	2021	6.2	650	650	3.5	62,000
Ford	GT	2022	3.5	660	550	3	500,000
Nissan	370Z Nismo	2020	3.7	350	276	5.2	46,200
Dodge	Challenger SRT Hellcat	2021	6.2	717	656	3.6	71,000
Aston Martin	DBS Superleggera	2021	5.2	715	663	3.2	308,000
Alfa Romeo	Giulia Quadrifoglio	2022	2.9	505	443	3.8	80,500
Jaguar	F-Type R	2021	5	575	516	3.5	105,900
Lotus	Evora GT	2020	3.5	416	317	3.8	96,950
Maserati	GranTurismo	2019	4.7	454	384	4.7	150,980
Porsche	Panamera Turbo S	2022	4	630	604	2.9	180,800
Lamborghini	Urus	2021	4	641	627	3.2	218,000
Aston Martin	Vantage	2021	4	503	505	3.5	146,000
Lotus	Evora	2021	3.5	416	317	3.8	94,000
Alfa Romeo	4C Spider	2020	1.7	237	258	4.1	67,150
Jaguar	F-Type	2022	3	380	339	4.9	70,900
Maserati	GranTurismo	2021	4.7	454	384	4.7	134,300
Porsche	Cayman GT4	2021	4	414	309	4.2	100,200
Audi	RS5 Coupe	2022	2.9	444	443	3.7	76,450
BMW	M2 Competition	2021	3	405	406	4	58,900
Chevrolet	Camaro ZL1	2022	6.2	650	650	3.5	64,000
Dodge	Challenger SRT Hellcat	2022	6.2	717	656	3.5	61,500
Ford	GT	2021	3.5	647	550	2.8	500,000
Lexus	LC 500	2022	5	471	398	4.4	92,950
McLaren	570S	2022	3.8	562	443	3.1	198,950
Mercedes-AMG	C63 S Coupe	2021	4	503	516	3.7	77,950
Nissan	370Z Nismo	2021	3.7	350	276	4.9	45,790
Porsche	718 Boxster	2021	2	300	280	4.9	62,000
Lamborghini	Aventador S	2021	6.5	729	507	2.9	417,826
Ferrari	F8 Tributo	2021	3.9	710	568	2.9	274,280
Audi	TT RS Coupe	2021	2.5	394	354	3.6	67,600
BMW	M4 Coupe	2021	3	473	406	3.8	71,800
Acura	NSX	2021	3.5	573	476	2.7	159,495
Aston Martin	DBS Superleggera	2022	5.2	715	664	3.4	314,500
Bentley	Continental GT	2022	6	626	664	3.3	214,425
Bugatti	Chiron	2022	8	1500	1180	2.3	3,000,000
Dodge	Challenger SRT Hellcat	2022	6.2	717	656	3.5	71,490
Jaguar	F-Type	2021	5	575	516	3.5	105,900
Koenigsegg	Jesko	2021	5	1280	1106	2.5	2,800,000
Lexus	LC 500	2021	5	471	398	4.4	92,950
Lotus	Evora GT	2021	3.5	416	317	3.8	104,400
Maserati	GranTurismo	2022	4.7	454	384	4.7	150,980
McLaren	Artura	2022	3	671	531	3	225,000
Pagani	Huayra	2021	6	764	738	2.6	2,600,000
Porsche	Cayman GT4	2022	4	414	309	4.2	102,000
Rimac	C_Two	2021	Electric	1914	1696	1.9	2,400,000
Rolls-Royce	Wraith	2021	6.8	624	605	4.4	335,550
Tesla	Model S Plaid	2021	Electric	1020	1050	1.9	141,990
Toyota	GR Supra	2022	3	382	368	3.9	43,090
TVR	Griffith	2021	5	500	420	3.9	157,500
Ultima	RS	2021	6.2	1200	1300	2.3	220,000
W Motors	Fenyr SuperSport	2022	3.8	800	723	2.7	1,550,000
Acura	NSX	2021	3.5	573	476	2.9	157,500
Aston Martin	DBS Superleggera	2022	5.2	715	663	3.2	308,000
Bentley	Continental GT	2021	6	626	664	3.6	202,500
Bugatti	Chiron	2021	8	1500	1180	2.3	3,000,000
Dodge	Challenger SRT Hellcat	2021	6.2	717	656	3.5	65,000
Jaguar	F-Type	2021	3	380	339	4.9	63,100
Lexus	LC 500	2021	5	471	398	4.4	92,950
Lotus	Evija	2022	Electric	1973	1254	2.5	2,600,000
Maserati	GranTurismo	2021	4.7	454	384	4.8	134,300
Porsche	Taycan	2021	Electric	616	774	2.6	185,000
Rimac	C_Two	2022	Electric	1914	1696	1.9	2,400,000
Tesla	Model S Plaid	2022	Electric	1020	1050	1.98	140,000
McLaren	Artura	2022	3	671	531	3	225,000
Mercedes-Benz	AMG GT Black Series	2021	4	720	590	3.1	325,000
Chevrolet	Camaro ZL1	2021	6.2	650	650	3.5	63,000
Ford	GT	2021	3.5	647	550	3	500,000
Aston Martin	DBS Superleggera	2021	5.2	715	664	3.4	307,820
Jaguar	F-Type	2022	5	575	516	3.5	103,200
Dodge	Challenger SRT Hellcat Redeye	2021	6.2	797	707	3.5	80,190
Lotus	Evora GT	2022	3.5	416	317	3.8	105,000
Alfa Romeo	4C Spider	2020	1.8	237	258	4.1	68,745
Subaru	WRX STI	2022	2.5	310	290	5.2	38,170
Acura	NSX	2022	3.5	573	476	2.7	157,500
Koenigsegg	Jesko	2021	5	1280	1015	2.5	2,800,000
Tesla	Model S Plaid	2022	Electric	1020	1050	1.98	139,990
Bugatti	Chiron Super Sport 300+	2022	8	1578	1180	2.3	5,200,000
McLaren	Senna	2020	4	789	590	2.7	1,500,000
Porsche	Taycan Turbo S	2022	Electric	750	774	2.6	185,000
Mercedes-Benz	SLS AMG Black Series	2014	6.2	622	468	3.5	275,000
Lexus	LC 500	2022	5	471	398	4.4	93,050
Chevrolet	Camaro ZL1	2022	6.2	650	650	3.5	65,000
Audi	RS 7 Sportback	2022	4	591	590	3.5	114,000
Ford	GT	2022	3.5	660	550	3	500,000
BMW	M2 CS	2022	3	444	406	3.8	84,595
Porsche	Cayman GT4	2022	4	414	309	4.2	102,550
Lamborghini	Aventador	2022	6.5	770	531	2.8	393,695
Aston Martin	Vantage	2021	4	503	505	3.6	146,000
Lotus	Evora GT	2021	3.5	416	317	3.8	96,950
Porsche	Panamera Turbo S	2021	4	620	604	2.9	180,000
Lamborghini	Aventador S	2022	6.5	729	507	2.9	460,247
Ferrari	SF90 Stradale	2021	4	986	590	2.5	625,000
Audi	RS 6 Avant	2022	4	591	590	3.1	110,045
McLaren	570S	2021	3.8	562	443	3.1	192,500
BMW	M5	2022	4.4	600	553	3.2	103,500
Mercedes-Benz	AMG C 63 S	2021	4	503	516	3.7	77,400
Chevrolet	Camaro ZL1	2021	6.2	650	650	3.5	64,695
Dodge	Challenger SRT Hellcat	2021	6.2	717	656	3.5	64,195
Ford	GT	2021	3.5	660	550	3	500,000
Nissan	370Z Nismo	2020	3.7	350	276	5	46,815
Porsche	Cayman GT4	2021	4	414	309	4.2	102,550
Audi	TT RS	2021	2.5	394	354	3.6	67,895
Chevrolet	Corvette Z06	2023	5.5	625	650	2.6	85,000
Lamborghini	Urus	2022	4	641	626	3.2	218,009
Mercedes-Benz	AMG GT 63 S	2021	4	630	664	3.1	162,900
Ferrari	Portofino M	2022	3.9	612	560	3.5	245,000
Bugatti	Chiron	2021	8	1479	1180	2.5	3,000,000
Aston Martin	DBS Superleggera	2021	5.2	715	664	3.4	304,995
Lotus	Evora GT	2021	3.5	416	317	3.8	100,450
Porsche	Cayman GT4	2022	4	414	309	4.2	100,200
Acura	NSX	2021	3.5	573	476	2.7	157,500
Lexus	LC	2021	5	471	398	4.4	92,950
Alfa Romeo	Giulia Quadrifoglio	2021	2.9	505	443	3.8	74,750
Audi	RS7	2021	4	591	590	3.5	114,000
Bentley	Continental GT	2021	6	626	664	3.3	218,400
BMW	M5	2021	4.4	600	553	3.2	103,500
Chevrolet	Camaro ZL1	2021	6.2	650	650	3.5	64,695
Dodge	Challenger Hellcat	2021	6.2	717	656	3.5	70,595
Ford	GT	2022	3.5	647	550	3	500,000
Jaguar	F-Type R	2021	5	575	516	3.5	103,200
Lamborghini	Aventador	2021	6.5	730	509	2.9	393,695
McLaren	570S	2021	3.8	562	443	3.1	203,500
Mercedes-Benz	SLS AMG	2015	6.2	583	479	3.6	221,580
Nissan	370Z Nismo	2020	3.7	350	276	4.7	47,190
Porsche	Boxster	2021	2	300	280	4.9	62,000
Porsche	718 Cayman	2022	2	300	280	4.9	61,500
Lamborghini	Aventador	2021	6.5	759	531	2.9	393,695
Ferrari	Roma	2021	3.9	612	561	3.3	222,630
Audi	RS 5	2022	2.9	444	442	3.5	75,400
McLaren	570S	2020	3.8	562	443	3.1	208,000
BMW	M2	2022	3	405	406	4.2	58,900
Mercedes-Benz	SL	2022	3	429	384	4.9	96,250
Chevrolet	Camaro	2021	6.2	455	455	4	25,000
Ford	GT	2022	3.5	660	550	3	500,000
Nissan	370Z Nismo	2021	3.7	350	276	5	45,000
Aston Martin	DBS Superleggera	2021	5.2	715	664	3.4	307,820
Lotus	Evora GT	2021	3.5	416	317	3.8	100,450
Maserati	GranTurismo	2021	4.7	454	384	4.7	134,300
Porsche	Panamera	2022	2.9	325	331	5.2	88,550
Lamborghini	Urus	2021	4	641	627	3.6	218,009
Ferrari	SF90 Stradale	2021	4	986	590	2.5	625,000
Audi	RS 6	2022	4	591	590	3.5	109,000
McLaren	Artura	2022	3	671	531	3	225,000
Porsche	Taycan 4S	2021	Electric (93 kWh)	429	472	3.8	103,800
Lamborghini	Aventador S	2021	6.5	730	509	2.9	417,650
Ferrari	SF90 Stradale	2021	4	986	590	2.5	625,000
Audi	RS 7	2022	4	591	590	3.5	117,000
McLaren	570S	2021	3.8	562	443	3.1	192,500
BMW	M4	2021	3	473	406	4	72,800
Mercedes-Benz	SLS AMG	2015	6.2	622	468	3.5	228,000
Chevrolet	Camaro SS	2021	6.2	455	455	4	42,000
Ford	GT	2021	3.5	660	550	3	500,000
Nissan	370Z Nismo	2021	3.7	350	276	5	48,000
Aston Martin	DBS Superleggera	2021	5.2	715	664	3.2	307,820
Lexus	LC 500	2021	5	471	398	4.4	93,000
Bentley	Continental GT	2021	4	626	664	3.3	202,500
Maserati	GranTurismo	2021	4.7	454	384	4.7	150,980
Tesla	Model S Plaid	2022	Electric (100 kWh)	1020	1050	1.98	131,190
Rolls-Royce	Dawn	2021	6.6	563	605	4.3	346,300
Bugatti	Chiron Pur Sport	2021	8	1500	1180	2.3	3,599,000
McLaren	Senna	2019	4	789	590	2.7	1,050,000
Porsche	Panamera Turbo S E-Hybrid	2021	Hybrid (4.0)	690	641	3	186,350
Acura	NSX	2021	3.5	573	476	2.7	157,500
Aston Martin	DB11	2021	4	503	498	3.7	205,600
Audi	RS7	2021	4	591	590	3.5	114,000
Bentley	Continental GT	2021	6	626	664	3.6	201,000
Bugatti	Chiron	2021	8	1500	1180	2.5	3,000,000
Chevrolet	Camaro ZL1	2022	6.2	650	650	3.5	67,000
Dodge	Challenger Hellcat	2021	6.2	717	656	3.5	64,000
Ferrari	812 Superfast	2021	6.5	789	530	2.8	340,000
Lamborghini	Aventador SVJ	2021	6.5	770	531	2.8	517,770
McLaren	600LT Spider	2021	3.8	592	457	2.8	256,500
Mercedes-AMG	GT Black Series	2021	4	720	590	3.1	325,000
Nissan	400Z	2023	3	400	350	4	40,000
Porsche	Cayman GT4	2021	4	414	309	4.2	101,000
Rimac	Nevera	2021	Electric	1914	1696	1.9	2,400,000
Rolls-Royce	Wraith	2021	6.8	624	605	4.4	330,000
Tesla	Model S Plaid	2021	Electric	1020	N/A	1.9	139,990
Toyota	Supra	2021	3	382	368	3.9	43,000
Porsche	718 Boxster	2021	2	300	280	4.9	62,000
Porsche	718 Boxster	2022	2	300	280	4.9	62,000
Lamborghini	Aventador S	2021	6.5	730	509	2.9	417,826
Ferrari	SF90 Stradale	2022	4	986	590	2.5	625,000
Audi	RS 7	2022	4	591	590	3.5	114,000
McLaren	Artura	2021	3	671	531	3	225,000
BMW	M2	2022	3	405	406	4.1	58,900
Mercedes-Benz	SLS AMG	2015	6.2	583	479	3.6	221,580
Chevrolet	Camaro ZL1	2021	6.2	650	650	3.5	64,695
Ford	GT	2022	3.5	647	550	3	500,000
Nissan	370Z Nismo	2021	3.7	350	276	4.8	45,000
Dodge	Charger Hellcat	2021	6.2	707	650	3.6	69,995
Aston Martin	DBS Superleggera	2021	5.2	715	663	3.2	305,000
Alfa Romeo	Giulia Quadrifoglio	2021	2.9	505	443	3.8	75,000
Audi	TT RS	2021	2.5	394	354	3.6	68,000
Bentley	Continental GT	2021	6	626	664	3.6	203,825
BMW	M5	2022	4.4	600	553	3.2	103,500
Chevrolet	Corvette Stingray	2021	6.2	495	470	2.9	58,900
Dodge	Challenger SRT Hellcat	2021	6.2	717	656	3.5	63,000
Ford	Mustang GT	2022	5	460	420	4	45,000
Porsche	Cayman	2022	2	300	280	4.9	59,900
Lamborghini	Aventador	2021	6.5	770	531	2.8	417,826
Ferrari	Roma	2022	3.9	612	560	3.3	222,630
Audi	RS7	2022	4	591	590	3.5	114,000
McLaren	570S	2021	3.8	562	443	2.7	204,995
BMW	M4	2022	3	473	406	4.1	71,800
Mercedes-Benz	SLS AMG	2021	6.2	622	468	3.5	243,600
Chevrolet	Camaro SS	2021	6.2	455	455	4	42,000
Ford	GT	2022	3.5	660	550	2.8	500,000
Nissan	370Z Nismo	2021	3.7	350	276	5	47,190
Porsche	Panamera	2022	2.9	325	331	5.4	88,550
Lamborghini	Urus	2021	4	641	627	3.2	218,000
Ferrari	SF90 Stradale	2021	4	986	590	2.5	625,000
Audi	RS6	2022	4	591	590	3.5	113,000
McLaren	Artura	2021	3	671	531	3	225,000
BMW	M2	2022	3	405	406	4	58,900
Mercedes-Benz	GT 63	2021	4	577	590	3.3	161,200
Chevrolet	Camaro ZL1	2021	6.2	650	650	3.5	63,000
Aston Martin	DBS Superleggera	2021	5.2	715	663	3.2	310,000
Bugatti	Chiron	2022	8	1500	1180	2.4	3,000,000
Koenigsegg	Jesko	2021	5	1280	1106	2.5	2,800,000
Pagani	Huayra	2021	6	764	737	3	2,600,000
Rimac	C_Two	2022	N/A	1914	1696	1.85	2,400,000
McLaren	Senna	2021	4	789	590	2.7	1,000,000
Porsche	918 Spyder	2015	4.6	887	944	2.2	1,800,000
Ferrari	SF90 Stradale	2021	4	986	590	2.5	625,000
Lamborghini	Aventador SVJ	2020	6.5	759	531	2.8	517,000
Audi	RS 6 Avant	2021	4	591	590	3.5	110,000
Bentley	Continental GT Speed	2022	6	650	664	3.5	300,000
Chevrolet	Camaro ZL1	2021	6.2	650	650	3.5	68,000
Dodge	Challenger SRT Hellcat	2021	6.2	717	656	3.5	65,000
Ford	GT	2021	3.5	660	550	2.9	500,000
Lexus	LC 500	2022	5	471	398	4.4	92,000
Lotus	Evija	2022	N/A	1972	1254	2.5	2,700,000
Mercedes-AMG	GT Black Series	2021	4	720	590	3.1	330,000
Aston Martin	DB11	2021	4	503	513	3.9	205,000
Bentley	Continental GT	2022	4	542	568	3.9	229,000
Jaguar	F-Type	2022	2	296	295	5.4	62,750
Lotus	Evora GT	2021	3.5	416	317	3.8	100,000
Maserati	GranTurismo	2021	4.7	454	384	4.7	135,000
Porsche	Boxster	2022	2	300	280	4.9	63,000
Alfa Romeo	4C	2020	1.8	237	258	4.2	67,150
Chevrolet	Camaro	2022	6.2	455	455	4	62,195
Dodge	Challenger	2022	3.6	305	268	6.4	28,000
Ford	GT	2022	3.5	660	550	2.9	500,000
Audi	RS7	2022	4	591	590	3.5	115,045
BMW	M4	2022	3	473	406	4.1	71,800
Lamborghini	Aventador	2021	6.5	729	507	2.9	393,695
Mercedes-Benz	AMG C 63	2021	4	469	479	3.8	69,900
Nissan	370Z	2021	3.7	350	276	5.3	30,090
Porsche	Cayman	2022	2	300	280	4.9	68,000
BMW	i8	2022	1.5	369	184	4.2	147,500
Chevrolet	Corvette Stingray	2021	6.2	495	470	2.9	58,900
Porsche	Taycan Turbo S	2022	Electric	750	774	2.6	185,000
Lamborghini	Aventador S	2021	6.5	729	507	2.9	417,650
Ferrari	SF90 Stradale	2022	4	986	590	2.5	625,000
Audi	RS7	2022	4	591	590	3.5	115,000
McLaren	GT	2022	4	620	465	3.1	208,000
BMW	M5	2022	4.4	600	553	3.2	103,500
Mercedes-Benz	SLS AMG	2021	4	730	590	2.9	250,000
Chevrolet	Camaro ZL1	2021	6.2	650	650	3.5	63,000
Ford	GT	2022	3.5	660	550	2.8	500,000
Nissan	370Z Nismo	2021	3.7	350	276	5	46,100
Porsche	Panamera Turbo S	2022	4	630	604	3.1	180,000
Lamborghini	Urus	2021	4	641	627	3.2	218,000
Ferrari	Portofino	2022	3.9	591	561	3.4	250,000
Audi	TT RS	2022	2.5	394	354	3.6	70,000
McLaren	570S	2021	3.8	562	443	3.1	200,000
BMW	i8	2022	Hybrid	369	184	4.2	148,500
Porsche	718 Cayman	2022	2	300	280	4.9	61,500
Lamborghini	Aventador	2021	6.5	770	531	2.8	417,826
Ferrari	Portofino	2022	3.9	612	561	3.3	245,000
Audi	TT RS	2022	2.5	394	354	3.6	67,800
McLaren	GT	2022	4	620	465	3.1	211,300
BMW	M4	2022	3	473	406	4.1	71,800
Mercedes-Benz	SLS AMG	2015	6.2	622	468	3.5	222,500
Chevrolet	Camaro SS	2022	6.2	455	455	4	43,995
Ford	GT	2022	3.5	660	550	2.9	500,000
Nissan	370Z Nismo	2021	3.7	350	276	4.8	45,790
Porsche	911 Turbo S	2022	3.8	640	590	2.6	208,000
McLaren	765LT	2021	4	755	590	2.8	358,000
Lamborghini	Urus	2021	4	641	627	3.6	218,009
Mercedes-AMG	GT Black Series	2021	4	720	590	3.1	325,000
BMW	M5 Competition	2022	4.4	617	553	3.1	103,500
Audi	RS7	2022	4	591	590	3.5	115,000
Aston Martin	Vantage	2022	4	503	505	3.5	152,995
Ferrari	F8 Spider	2021	3.9	710	568	2.9	274,280
Lexus	LC 500	2022	5	471	398	4.4	102,550
Porsche	Taycan	2022	N/A	469	479	3.8	79,900
Lamborghini	Aventador SVJ	2021	6.5	759	531	2.8	517,770
Ferrari	SF90 Stradale	2021	4	986	590	2.5	625,000
Audi	RS6 Avant	2021	4	591	590	3.5	109,000
McLaren	600LT Spider	2021	3.8	592	457	2.8	256,500
BMW	M4	2022	3	473	406	3.8	71,800
Mercedes-Benz	AMG GT R	2021	4	577	516	3.5	180,000
Chevrolet	Camaro ZL1	2021	6.2	650	650	3.5	64,695
Ford	GT	2022	3.5	660	550	3	500,000
Nissan	370Z Nismo	2021	3.7	350	276	5	48,000
Porsche	Panamera Turbo S E-Hybrid	2021	4	690	642	3	190,000
Lamborghini	Urus	2021	4	641	627	3.5	218,000
Ferrari	Portofino M	2021	3.9	612	561	3.4	235,000
Audi	TT RS	2022	2.5	394	354	3.6	67,600
McLaren	Artura	2022	3	671	531	3	225,000
BMW	M2 CS	2022	3	444	406	3.8	84,595
Mercedes-Benz	SLS AMG Black Series	2021	6.2	622	468	3.5	335,000
Chevrolet	Camaro SS	2021	6.2	455	455	4	42,000
Porsche	718 Boxster	2022	2	300	280	4.9	63,000
Lamborghini	Aventador SVJ	2020	6.5	759	531	2.8	573,966
Ferrari	SF90 Stradale	2022	4	986	590	2.5	625,000
Audi	TT RS Coupe	2022	2.5	394	354	3.5	68,000
McLaren	GT	2020	4	612	465	3.1	210,000
BMW	Z4 Roadster	2022	2	255	295	5.2	50,000
Mercedes-Benz	SLS AMG	2015	6.2	622	468	3.6	200,000
Chevrolet	Camaro SS Convertible	2022	6.2	455	455	4	49,000
Ford	GT	2021	3.5	660	550	2.9	500,000
Nissan	370Z Coupe	2020	3.7	332	270	5	30,090
Aston Martin	Vantage	2021	4	503	505	3.6	142,086
Bentley	Continental GT	2022	6	626	664	3.3	225,000
Bugatti	Chiron	2021	8	1479	1180	2.4	3,000,000
Dodge	Challenger SRT Hellcat	2022	6.2	717	656	3.5	68,000
Jaguar	F-Type	2022	2	296	295	5.4	63,700
Lotus	Evora GT	2021	3.5	416	317	3.8	100,000
Maserati	GranTurismo	2022	4.7	454	384	4.7	150,980
Aston Martin	DBS Superleggera	2021	5.2	715	664	3.2	304,995
Lotus	Evora GT	2021	3.5	416	317	3.8	98,395
Porsche	Panamera Turbo S E-Hybrid	2021	4	689	642	3	190,000
Lamborghini	Aventador SVJ	2021	6.5	759	531	2.8	517,000
Ferrari	SF90 Stradale	2021	4	986	590	2.5	625,000
Audi	RS7	2022	4	591	590	3.5	117,000
Mercedes-Benz	S63 AMG	2021	4	603	664	3.4	168,000
Chevrolet	Camaro ZL1	2021	6.2	650	650	3.5	64,500
Ford	GT	2021	3.5	660	550	2.8	500,000
Nissan	370Z Nismo	2021	3.7	350	276	4.7	46,000
Porsche	718 Cayman GT4	2022	4	414	309	4.2	102,000
Mercedes-AMG	C63 S Coupe	2021	4	503	516	3.7	77,500
Aston Martin	Vantage	2021	4	503	505	3.5	147,000
McLaren	570S	2021	3.8	562	443	3.1	193,000
BMW	M5	2022	4.4	600	553	3.2	103,500
Dodge	Challenger SRT Hellcat	2021	6.2	717	656	3.5	64,000
Lexus	LC 500	2021	5	471	398	4.4	92,950
Mercedes-AMG	GT 63 S	2021	4	630	664	3.1	162,000
Audi	TT RS	2021	2.5	394	354	3.6	67,600
Acura	NSX	2021	3.5	573	476	2.9	157,500
Porsche	Cayman GT4	2021	4	414	309	4.2	102,000
Lamborghini	Aventador S	2021	6.5	730	509	2.9	417,826
Ferrari	SF90 Stradale	2021	4	986	590	2.5	625,000
Audi	RS 5	2022	2.9	444	443	3.5	76,700
McLaren	570S Spider	2020	3.8	562	443	3.1	208,800
BMW	M2 Competition	2022	3	405	406	4.2	58,900
Mercedes-Benz	C 63 AMG	2022	4	469	479	3.9	69,000
Chevrolet	Camaro SS	2021	6.2	455	455	4	42,000
Ford	Mustang GT	2022	5	460	420	4.5	43,000
Dodge	Challenger R/T	2021	5.7	372	400	5.1	35,000
Aston Martin	Vantage	2021	4	503	505	3.6	151,000
Lotus	Evora GT	2021	3.5	416	317	3.8	105,000
Alfa Romeo	4C Spider	2020	1.7	237	258	4.1	69,000
Jaguar	F-Type	2022	2	296	295	5.4	62,500
Tesla	Roadster	2022	Electric	1000	737	1.9	200,000
Koenigsegg	Jesko	2022	5	1600	1106	2.5	3,000,000
Bugatti	Chiron Super Sport 300+	2021	8	1578	1180	2.4	5,200,000
Rimac	Nevera	2021	Electric	1914	1696	1.85	2,400,000
Porsche	Cayman GT4	2022	4	414	309	4.2	102,100
Chevrolet	Camaro ZL1	2022	6.2	650	650	3.5	63,000
Aston Martin	Vantage	2021	4	503	505	3.5	142,086
Alfa Romeo	Giulia Quadrifoglio	2022	2.9	505	443	3.8	83,250
Dodge	Challenger SRT Hellcat	2021	6.2	717	656	3.5	65,000
Lexus	LC 500	2022	5	471	398	4.4	93,050
Audi	RS 7 Sportback	2021	4	591	590	3.5	114,000
BMW	M4 Competition	2022	3	503	479	3.8	74,700
Mercedes-Benz	C63 S AMG	2022	4	503	516	3.9	77,600
Ford	GT	2022	3.5	660	550	2.9	500,000
McLaren	GT	2021	4	620	465	3.1	210,000
Porsche	Panamera Turbo S	2022	4	630	604	2.9	181,100
Lamborghini	Aventador S	2021	6.5	730	507	2.9	417,826
Aston Martin	DBS Superleggera	2022	5.2	715	664	3.2	329,100
Audi	TT RS	2022	2.5	394	354	3.6	67,600
Mercedes-Benz	AMG C43 Coupe	2021	3	385	384	4.5	59,900
BMW	i8	2022	1.5	369	184	4.2	147,500
Chevrolet	Corvette Stingray	2021	6.2	490	465	2.9	59,900
Porsche	Taycan	2022	2.0 (Electric)	469	263	3.8	81,250
Lamborghini	Aventador	2021	6.5	730	509	2.9	517,000
Ferrari	Roma	2021	3.9	611	560	3.3	222,620
Audi	RS7	2022	4	591	590	3.5	115,000
McLaren	GT	2021	4	612	465	3.1	210,000
BMW	M2	2022	3	405	406	4.2	58,900
Mercedes-Benz	C63 AMG	2021	4	469	479	3.9	77,000
Chevrolet	Camaro SS	2021	6.2	455	455	4.1	43,995
Ford	Mustang Mach 1	2021	5	480	420	4.1	51,720
Nissan	370Z Nismo	2021	3.7	350	276	4.8	46,610
Porsche	Panamera	2022	2.9	325	331	5.3	88,550
Lamborghini	Urus	2021	4	641	627	3.6	218,009
Ferrari	SF90 Stradale	2021	4.0 (Hybrid)	986	590	2.5	625,000
Audi	RS6	2022	4	591	590	3.5	120,000
McLaren	570S	2021	3.8	562	443	3.1	192,500
BMW	M4	2022	3	503	479	3.8	74,000
Mercedes-Benz	AMG A45	2021	2	382	354	4	50,000
Chevrolet	Camaro ZL1	2021	6.2	650	650	3.5	63,995
Acura	NSX	2021	3.5	573	476	2.7	157,500
Aston Martin	Vantage	2021	4	503	505	3.5	142,086
Bentley	Continental GT	2021	4	542	568	3.3	202,500
Bugatti	Chiron	2022	8	1479	1180	2.4	2,900,000
Ferrari	F8 Tributo	2022	3.9	710	568	2.8	275,000
Lamborghini	Aventador	2021	6.5	730	509	2.9	517,000
McLaren	GT	2021	4	612	465	3.1	201,500
Mercedes-Benz	AMG GT R	2021	4	577	516	3.5	183,000
Porsche	Taycan Turbo S	2021	Electric	750	774	2.6	185,000
Audi	RS7	2021	4	591	590	3.5	114,000
BMW	M4	2021	3	473	406	4.1	71,800
Chevrolet	Camaro ZL1	2021	6.2	650	650	3.5	63,000
Dodge	Challenger SRT Hellcat Redeye	2022	6.2	797	707	3.5	80,190
Ford	GT	2022	3.5	660	550	2.8	500,000
Jaguar	F-Type	2021	3	380	339	4.4	62,750
Lexus	LC 500	2021	5	471	398	4.4	92,000
Lotus	Evija	2021	Electric	2000	1254	2.8	2,800,000
Maserati	GranTurismo	2021	Electric	550	N/A	2.8	200,000
Nissan	370Z	2021	3.7	332	270	5	30,090
Rolls-Royce	Ghost	2021	6.8	563	627	4.6	332,500
Porsche	Taycan	2021	2	402	254	5.1	81,250
Aston Martin	DB11	2021	4	630	516	3.7	198,995
Lotus	Evora GT	2021	3.5	416	317	3.8	105,000
Acura	NSX	2022	3.5	573	476	2.7	157,500
Tesla	Roadster	2022	0	10,000	7,376	1.9	200,000
Chevrolet	Camaro	2022	6.2	455	455	4	25,000
Dodge	Charger	2021	6.2	797	707	3.3	72,000
Jaguar	F-Type	2021	3	380	339	4.9	62,750
Lexus	LC 500	2021	5	471	398	4.4	93,000
BMW	M4	2022	3	473	406	4.1	71,800
Ford	GT	2021	3.5	660	550	2.9	500,000
Maserati	GranTurismo	2021	4.7	454	384	4.7	150,980
McLaren	600LT	2021	3.8	592	457	2.8	256,500
Mercedes-Benz	SLS AMG	2021	6.2	622	468	3.6	254,995
Nissan	370Z	2021	3.7	332	270	5.2	30,000
Audi	RS 7	2021	4	591	590	3.4	114,000
Bentley	Continental GT	2021	4	542	568	3.9	220,000
Bugatti	Chiron	2021	8	1,500	1,180	2.4	3,000,000
Porsche	Cayman	2022	2	300	280	4.5	59,900
Aston Martin	Vantage	2021	4	503	505	3.5	147,000
Alfa Romeo	4C Spider	2020	1.7	237	258	4.1	67,150
Audi	RS 5	2022	2.9	444	443	3.5	75,100
BMW	M2	2022	3	405	406	4	58,900
Dodge	Challenger SRT Hellcat	2021	6.2	717	656	3.5	60,695
Ferrari	F8 Spider	2022	3.9	710	568	2.9	274,390
Jaguar	F-Type	2021	3	296	295	5.4	64,700
Lamborghini	Aventador	2021	6.5	759	531	2.9	517,770
Lexus	LC 500	2022	5	471	398	4.4	92,950
Lotus	Evora GT	2021	3.5	416	317	3.8	99,990
Maserati	GranTurismo	2021	4.7	454	384	4.7	150,800
McLaren	GT	2021	4	612	465	3.1	210,000
Mercedes-Benz	AMG C 63	2021	4	469	479	3.8	67,600
Nissan	370Z Nismo	2021	3.7	350	276	4.5	45,790
Porsche	Panamera	2022	2.9	325	331	5.3	88,800
Subaru	WRX STI	2021	2.5	310	290	5.2	38,170
Tesla	Roadster	2022	N/A	10,000+	N/A	1.9	200,000
Porsche	718 Cayman	2022	2	300	280	4.9	61,500
Lamborghini	Aventador	2021	6.5	729	509	2.9	393,695
Ferrari	SF90 Stradale	2022	4	986	590	2.5	625,000
Audi	RS5 Coupe	2022	2.9	444	443	3.5	76,350
McLaren	570S	2021	3.8	562	443	3.1	202,000
BMW	M2	2022	3	405	406	4	58,900
Mercedes-Benz	SL	2022	3	429	384	4.4	96,000
Chevrolet	Camaro	2021	6.2	455	455	4	25,000
Ford	GT	2022	3.5	660	550	2.8	500,000
Nissan	370Z	2021	3.7	332	270	5.3	33,000
Alfa Romeo	Giulia Quadrifoglio	2021	2.9	505	443	3.8	75,250
Aston Martin	DB11	2022	4	630	516	3.7	201,495
Bentley	Continental GT	2021	6	626	664	3.3	201,000
Dodge	Challenger	2021	6.4	485	475	3.8	62,000
Jaguar	F-Type R	2022	5	575	516	3.5	103,200
Lexus	LC 500	2022	5	471	398	4.4	92,950
Lotus	Evora GT	2021	3.5	416	317	3.8	99,000
Maserati	GranTurismo	2021	4.7	454	384	4.7	150,000
Porsche	Cayman GT4	2021	4	414	309	4.2	102,500
Aston Martin	Vantage	2022	4	503	505	3.5	149,995
Dodge	Charger SRT Hellcat	2022	6.2	717	650	3.5	78,595
Audi	RS 7	2021	4	591	590	3.5	114,000
Chevrolet	Camaro SS	2022	6.2	455	455	4.1	37,500
Ford	Mustang GT	2022	5	460	420	4	38,500
Jaguar	F-Type R	2022	5	575	516	3.5	103,200
Lexus	LC 500	2022	5	471	398	4.4	92,950
McLaren	570S	2021	3.8	562	443	3.1	208,800
Mercedes-Benz	AMG C63	2022	4	469	479	3.8	71,450
Nissan	370Z Nismo	2021	3.7	350	276	4.9	47,820
Porsche	Panamera GTS	2021	4	473	457	3.9	134,150
Audi	TT RS	2022	2.5	394	354	3.6	67,600
BMW	M4	2021	3	473	406	3.8	71,800
Ferrari	F8 Tributo	2021	3.9	710	568	2.8	274,280
Lamborghini	Aventador	2021	6.5	770	531	2.9	393,695
McLaren	GT	2021	4	612	465	3.1	250,000
Mercedes-Benz	AMG GT 4-Door Coupe	2021	4	630	664	3.1	171,200
Aston Martin	DBS Superleggera	2022	5.2	715	663	3.4	321,000
Lotus	Evora GT	2021	3.5	416	317	3.8	100,500
Porsche	Taycan Turbo S	2021	Electric	750	774	2.6	185,000
McLaren	570S	2021	3.8	562	443	3.1	195,000
Lamborghini	Aventador SVJ	2021	6.5	759	531	2.8	517,770
Ford	GT	2021	3.5	660	550	3	500,000
Audi	RS7 Sportback	2022	4	591	590	3.5	114,000
BMW	M4	2022	3	473	406	4.1	72,800
Mercedes-AMG	C63 S	2022	4	503	516	3.7	78,100
Chevrolet	Camaro ZL1	2021	6.2	650	650	3.5	63,000
Dodge	Charger Hellcat	2021	6.2	717	650	3.6	70,000
Alfa Romeo	Giulia Quadrifoglio	2021	2.9	505	443	3.8	78,450
Tesla	Model S Plaid	2022	Electric	1,020	1,050	1.9	141,190
Ferrari	SF90 Stradale	2021	4	986	590	2.5	625,000
Porsche	Panamera Turbo S E-Hybrid	2021	Hybrid	689	642	3	190,000
McLaren	Artura	2022	3	671	531	3	225,000
Lamborghini	Urus	2021	4	641	627	3.6	222,000
Ford	Mustang Mach 1	2021	5	480	420	4	52,915
Porsche	911	2022	3	379	331	4	101,200
Lamborghini	Huracan	2021	5.2	630	443	2.8	274,390
Ferrari	488 GTB	2022	3.9	661	561	3	333,750
Audi	R8	2022	5.2	562	406	3.2	142,700
McLaren	720S	2021	4	710	568	2.7	298,000
BMW	M8	2022	4.4	617	553	3.1	130,000
Mercedes-Benz	AMG GT	2021	4	523	494	3.8	118,500
Chevrolet	Corvette	2021	6.2	490	465	2.8	59,900
Ford	Mustang Shelby GT500	2022	5.2	760	625	3.5	81,000
Nissan	GT-R Nismo	2021	3.8	600	481	2.5	212,000
Dodge	Challenger SRT Hellcat	2021	6.2	717	656	3.5	64,195
Aston Martin	Vantage	2021	4	503	505	3.6	147,000
Bugatti	Chiron	2022	8	1500	1180	2.5	3,900,000
Koenigsegg	Jesko	2022	5	1280	1015	2.5	3,000,000
Pagani	Huayra	2021	6	764	740	2.8	2,600,000
Rimac	Nevera	2022	Electric	1914	1696	1.85	2,400,000
Lotus	Evija	2022	Electric	1973	1254	2.5	2,000,000
Pininfarina	Battista	2021	Electric	1872	1696	1.9	2,500,000
Maserati	MC20	2021	3	621	538	2.9	210,000
Porsche	Cayman	2021	2	300	280	5.1	59,900
Lamborghini	Aventador	2021	6.5	730	509	2.9	393,695
Ferrari	SF90 Stradale	2021	4	986	590	2.5	625,000
Audi	RS 5	2021	2.9	444	443	3.5	75,100
McLaren	GT	2022	4	612	465	3.1	210,000
BMW	M2	2021	3	405	406	4	58,900
Mercedes-Benz	SLS AMG	2021	6.3	622	468	3.6	254,500
Chevrolet	Camaro	2021	6.2	455	455	4	25,000
Ford	Mustang	2021	2.3	310	350	5.3	27,205
Nissan	370Z	2021	3.7	332	270	5.1	30,090
Aston Martin	Vantage	2021	4	503	505	3.6	146,000
Bugatti	Chiron	2021	8	1479	1180	2.4	3,000,000
Koenigsegg	Jesko	2022	5	1280	1106	2.5	3,000,000
Lotus	Evija	2021	Electric Motor	1972	1254	2	2,000,000
McLaren	Senna	2021	4	789	590	2.7	1,000,000
Pagani	Huayra	2021	6	764	738	3	2,600,000
Rimac	Nevera	2021	Electric Motor	1888	1696	1.85	2,400,000
\.

-- Data for Name: list; Type: TABLE DATA; Schema: public;
COPY public.list (l_listid, l_userid, l_listname, l_createdat) FROM stdin;
1	1	Dream Cars	2026-04-04 18:22:33.365807
2	1	Affordable Picks	2026-04-04 18:22:33.365807
3	2	Track Monsters	2026-04-04 18:22:33.365807
4	3	Future Garage	2026-04-04 18:22:33.365807
\.

-- Data for Name: listitem; Type: TABLE DATA; Schema: public;
COPY public.listitem (li_listitemid, li_listid, li_carid, li_addedat, li_notes, li_priority) FROM stdin;
1	1	1	2026-04-04 18:23:11.126929	Favorite option so far	Must-have
2	1	2	2026-04-04 18:23:11.126929	Amazing performance	Saving up
3	2	3	2026-04-04 18:23:11.126929	More realistic price point	Considering
4	3	4	2026-04-04 18:23:11.126929	Would be incredible on track	Must-have
\.

-- Data for Name: user; Type: TABLE DATA; Schema: public;
COPY public."user" (u_userid, u_name, u_email, u_password) FROM stdin;
1	Pranav Battu	pranav@example.com	pass123
2	Alex Johnson	alex@example.com	alexpass
3	Maria Lopez	maria@example.com	maria456
\.

-- Name: brand_b_brandid_seq; Type: SEQUENCE SET; Schema: public;
SELECT pg_catalog.setval('public.brand_b_brandid_seq', 38, true);

-- Name: car_c_carid_seq; Type: SEQUENCE SET; Schema: public;
SELECT pg_catalog.setval('public.car_c_carid_seq', 1007, true);

-- Name: list_l_listid_seq; Type: SEQUENCE SET; Schema: public;
SELECT pg_catalog.setval('public.list_l_listid_seq', 4, true);

-- Name: listitem_li_listitemid_seq; Type: SEQUENCE SET; Schema: public;
SELECT pg_catalog.setval('public.listitem_li_listitemid_seq', 4, true);

-- Name: user_u_userid_seq; Type: SEQUENCE SET; Schema: public;
SELECT pg_catalog.setval('public.user_u_userid_seq', 3, true);

-- Name: brand brand_b_brandname_key; Type: CONSTRAINT; Schema: public;
ALTER TABLE ONLY public.brand
    ADD CONSTRAINT brand_b_brandname_key UNIQUE (b_brandname);

-- Name: brand brand_pkey; Type: CONSTRAINT; Schema: public;
ALTER TABLE ONLY public.brand
    ADD CONSTRAINT brand_pkey PRIMARY KEY (b_brandid);

-- Name: car car_pkey; Type: CONSTRAINT; Schema: public;
ALTER TABLE ONLY public.car
    ADD CONSTRAINT car_pkey PRIMARY KEY (c_carid);

-- Name: list list_pkey; Type: CONSTRAINT; Schema: public;
ALTER TABLE ONLY public.list
    ADD CONSTRAINT list_pkey PRIMARY KEY (l_listid);

-- Name: listitem listitem_li_listid_li_carid_key; Type: CONSTRAINT; Schema: public;
ALTER TABLE ONLY public.listitem
    ADD CONSTRAINT listitem_li_listid_li_carid_key UNIQUE (li_listid, li_carid);
	
-- Name: listitem listitem_pkey; Type: CONSTRAINT; Schema: public;
ALTER TABLE ONLY public.listitem
    ADD CONSTRAINT listitem_pkey PRIMARY KEY (li_listitemid);

-- Name: user user_pkey; Type: CONSTRAINT; Schema: public;
ALTER TABLE ONLY public."user"
    ADD CONSTRAINT user_pkey PRIMARY KEY (u_userid);

-- Name: user user_u_email_key; Type: CONSTRAINT; Schema: public;
ALTER TABLE ONLY public."user"
    ADD CONSTRAINT user_u_email_key UNIQUE (u_email);

-- Name: car car_c_brandid_fkey; Type: FK CONSTRAINT; Schema: public;
ALTER TABLE ONLY public.car
    ADD CONSTRAINT car_c_brandid_fkey FOREIGN KEY (c_brandid) REFERENCES public.brand(b_brandid) ON DELETE RESTRICT;

-- Name: list list_l_userid_fkey; Type: FK CONSTRAINT; Schema: public;
ALTER TABLE ONLY public.list
    ADD CONSTRAINT list_l_userid_fkey FOREIGN KEY (l_userid) REFERENCES public."user"(u_userid) ON DELETE CASCADE;

-- Name: listitem listitem_li_carid_fkey; Type: FK CONSTRAINT; Schema: public;
ALTER TABLE ONLY public.listitem
    ADD CONSTRAINT listitem_li_carid_fkey FOREIGN KEY (li_carid) REFERENCES public.car(c_carid) ON DELETE RESTRICT;

-- Name: listitem listitem_li_listid_fkey; Type: FK CONSTRAINT; Schema: public;
ALTER TABLE ONLY public.listitem
    ADD CONSTRAINT listitem_li_listid_fkey FOREIGN KEY (li_listid) REFERENCES public.list(l_listid) ON DELETE CASCADE;

-- PostgreSQL database dump complete
\unrestrict bZxR5oCNv1CVyJ9cooLEbCxeuh8fbQYbmNAxuq89cTuA7KxoFJWDReSsIxV7sd5
